taxonKey,scientificName,acceptedTaxonKey,acceptedScientificName,numberOfOccurrences,taxonRank,taxonomicStatus,order,orderKey,family,familyKey,genus,genusKey,species,speciesKey,iucnRedListCategory,absoluteRatio,rarity,relativeRatio,relativePercent
6177862,"Chamaepetes goudotii fagani C.Chubb, 1917",6177862,"Chamaepetes goudotii fagani C.Chubb, 1917",2,SUBSPECIES,ACCEPTED,Galliformes,723.0,Cracidae,5237.0,Chamaepetes,2482181.0,Chamaepetes goudotii,2482183.0,,3.0828801499512905e-06,Rare,0.0026954177897574125,0.270%
6180305,"Malacoptila panamensis poliopis P.L.Sclater, 1862",6180305,"Malacoptila panamensis poliopis P.L.Sclater, 1862",2,SUBSPECIES,ACCEPTED,Piciformes,724.0,Bucconidae,5703.0,Malacoptila,2475141.0,Malacoptila panamensis,2475147.0,,3.0828801499512905e-06,Rare,0.02564102564102564,2.56%
5228729,"Picumnus olivaceus harterti Hellmayr, 1909",5228729,"Picumnus olivaceus harterti Hellmayr, 1909",2,SUBSPECIES,ACCEPTED,Piciformes,724.0,Picidae,9333.0,Picumnus,2477643.0,Picumnus olivaceus,5228725.0,,3.0828801499512905e-06,Rare,0.0022371364653243847,0.224%
5228833,"Dryocopus lineatus fuscipennis P.L.Sclater, 1860",5228833,"Dryocopus lineatus fuscipennis P.L.Sclater, 1860",3,SUBSPECIES,ACCEPTED,Piciformes,724.0,Picidae,9333.0,Dryocopus,2477865.0,Dryocopus lineatus,5228831.0,,4.624320224926936e-06,Rare,0.004048582995951417,0.405%
7192569,Campephilus pollens pollens,7192569,Campephilus pollens pollens,3,SUBSPECIES,ACCEPTED,Piciformes,724.0,Picidae,9333.0,Campephilus,2478560.0,Campephilus pollens,2478569.0,,4.624320224926936e-06,Rare,0.001388888888888889,0.139%
6177626,"Campephilus haematogaster splendens Hargitt, 1889",6177626,"Campephilus haematogaster splendens Hargitt, 1889",1,SUBSPECIES,ACCEPTED,Piciformes,724.0,Picidae,9333.0,Campephilus,2478560.0,Campephilus haematogaster,2478584.0,,1.5414400749756452e-06,Very Rare,0.000462962962962963,0.046%
8953206,Leuconotopicus fumigatus fumigatus,8953206,Leuconotopicus fumigatus fumigatus,5,SUBSPECIES,ACCEPTED,Piciformes,724.0,Picidae,9333.0,Leuconotopicus,4845041.0,Leuconotopicus fumigatus,9000455.0,,7.707200374878227e-06,Rare,0.0021777003484320556,0.218%
9095476,"Leuconotopicus fumigatus obscuratus (Chapman, 1927)",9095476,"Leuconotopicus fumigatus obscuratus (Chapman, 1927)",1,SUBSPECIES,ACCEPTED,Piciformes,724.0,Picidae,9333.0,Leuconotopicus,4845041.0,Leuconotopicus fumigatus,9000455.0,,1.5414400749756452e-06,Very Rare,0.00043554006968641115,0.044%
6540192,"Colaptes rubiginosus rubripileus (Salvadori & Festa, 1900)",6540192,"Colaptes rubiginosus rubripileus (Salvadori & Festa, 1900)",3,SUBSPECIES,ACCEPTED,Piciformes,724.0,Picidae,9333.0,Colaptes,11016979.0,Colaptes rubiginosus,7340161.0,,4.624320224926936e-06,Rare,0.0009104704097116844,0.091%
6540199,"Ramphastos ambiguus swainsonii Gould, 1833",6540199,"Ramphastos ambiguus swainsonii Gould, 1833",6,SUBSPECIES,ACCEPTED,Piciformes,724.0,Ramphastidae,9343.0,Ramphastos,2478764.0,Ramphastos ambiguus,2478779.0,,9.248640449853871e-06,Rare,0.00045627376425855514,0.046%
5844039,Pteroglossus torquatus erythropygius,5844039,Pteroglossus torquatus erythropygius,57,SUBSPECIES,ACCEPTED,Piciformes,724.0,Ramphastidae,9343.0,Pteroglossus,2478813.0,Pteroglossus torquatus,2478838.0,,8.786208427361178e-05,Uncommon,0.01044338585562477,1.04%
6176849,"Andigena nigrirostris spilorhynchus Gould, 1858",6176849,"Andigena nigrirostris spilorhynchus Gould, 1858",1,SUBSPECIES,ACCEPTED,Piciformes,724.0,Ramphastidae,9343.0,Andigena,2478852.0,Andigena nigrirostris,2478854.0,,1.5414400749756452e-06,Very Rare,0.00510204081632653,0.510%
5229026,"Aulacorhynchus haematopygus sexnotatus Gould, 1868",5229026,"Aulacorhynchus haematopygus sexnotatus Gould, 1868",12,SUBSPECIES,ACCEPTED,Piciformes,724.0,Ramphastidae,9343.0,Aulacorhynchus,2478937.0,Aulacorhynchus haematopygus,5229025.0,,1.8497280899707743e-05,Rare,0.0029585798816568047,0.296%
6177007,"Eubucco bourcierii aequatorialis (Salvadori & Festa, 1900)",6177007,"Eubucco bourcierii aequatorialis (Salvadori & Festa, 1900)",4,SUBSPECIES,ACCEPTED,Piciformes,724.0,Capitonidae,3242201.0,Eubucco,2478968.0,Eubucco bourcierii,2478979.0,,6.165760299902581e-06,Rare,0.0006311139160618492,0.063%
7059909,Semnornis ramphastinus ramphastinus,7059909,Semnornis ramphastinus ramphastinus,6,SUBSPECIES,ACCEPTED,Piciformes,724.0,Semnornithidae,6101214.0,Semnornis,2478862.0,Semnornis ramphastinus,2478863.0,,9.248640449853871e-06,Rare,0.0060790273556231,0.608%
7192347,Pachyramphus cinnamomeus cinnamomeus,7192347,Pachyramphus cinnamomeus cinnamomeus,2,SUBSPECIES,ACCEPTED,Passeriformes,729.0,Cotingidae,5236.0,Pachyramphus,2486256.0,Pachyramphus cinnamomeus,5230338.0,,3.0828801499512905e-06,Rare,0.00030052592036063113,0.030%
7061149,Pachyramphus versicolor versicolor,7061149,Pachyramphus versicolor versicolor,1,SUBSPECIES,ACCEPTED,Passeriformes,729.0,Cotingidae,5236.0,Pachyramphus,2486256.0,Pachyramphus versicolor,5230348.0,,1.5414400749756452e-06,Very Rare,0.00015026296018031557,0.015%
5230353,"Pachyramphus albogriseus guayaquilensis Zimmer, 1936",5230353,"Pachyramphus albogriseus guayaquilensis Zimmer, 1936",5,SUBSPECIES,ACCEPTED,Passeriformes,729.0,Cotingidae,5236.0,Pachyramphus,2486256.0,Pachyramphus albogriseus,5230352.0,,7.707200374878227e-06,Rare,0.0007513148009015778,0.075%
5230354,"Pachyramphus albogriseus salvini Richmond, 1899",5230354,"Pachyramphus albogriseus salvini Richmond, 1899",1,SUBSPECIES,ACCEPTED,Passeriformes,729.0,Cotingidae,5236.0,Pachyramphus,2486256.0,Pachyramphus albogriseus,5230352.0,,1.5414400749756452e-06,Very Rare,0.00015026296018031557,0.015%
7192350,Pachyramphus homochrous homochrous,7192350,Pachyramphus homochrous homochrous,2,SUBSPECIES,ACCEPTED,Passeriformes,729.0,Cotingidae,5236.0,Pachyramphus,2486256.0,Pachyramphus homochrous,5230358.0,,3.0828801499512905e-06,Rare,0.00030052592036063113,0.030%
5230368,"Pachyramphus polychopterus dorsalis P.L.Sclater, 1862",5230368,"Pachyramphus polychopterus dorsalis P.L.Sclater, 1862",2,SUBSPECIES,ACCEPTED,Passeriformes,729.0,Cotingidae,5236.0,Pachyramphus,2486256.0,Pachyramphus polychopterus,5230363.0,,3.0828801499512905e-06,Rare,0.00030052592036063113,0.030%
5230377,"Rupicola peruvianus sanguinolentus Gould, 1859",5230377,"Rupicola peruvianus sanguinolentus Gould, 1859",11,SUBSPECIES,ACCEPTED,Passeriformes,729.0,Cotingidae,5236.0,Rupicola,2486333.0,Rupicola peruvianus,5230374.0,,1.69558408247321e-05,Rare,0.00541871921182266,0.542%
7192340,Pipreola arcuata arcuata,7192340,Pipreola arcuata arcuata,1,SUBSPECIES,ACCEPTED,Passeriformes,729.0,Cotingidae,5236.0,Pipreola,2486358.0,Pipreola arcuata,2486368.0,,1.5414400749756452e-06,Very Rare,0.010309278350515464,1.03%
6172605,"Pipreola riefferii occidentalis (Chapman, 1914)",6172605,"Pipreola riefferii occidentalis (Chapman, 1914)",3,SUBSPECIES,ACCEPTED,Passeriformes,729.0,Cotingidae,5236.0,Pipreola,2486358.0,Pipreola riefferii,2486371.0,,4.624320224926936e-06,Rare,0.030927835051546393,3.09%
6172588,"Tityra semifasciata nigriceps Allen, 1888",6172588,"Tityra semifasciata nigriceps Allen, 1888",1,SUBSPECIES,ACCEPTED,Passeriformes,729.0,Cotingidae,5236.0,Tityra,2486465.0,Tityra semifasciata,2486467.0,,1.5414400749756452e-06,Very Rare,0.0006277463904582549,0.063%
6172087,"Euphonia xanthogaster quitensis (Nelson, 1912)",6172087,"Euphonia xanthogaster quitensis (Nelson, 1912)",5,SUBSPECIES,ACCEPTED,Passeriformes,729.0,Fringillidae,5242.0,Euphonia,2487948.0,Euphonia xanthogaster,2488011.0,,7.707200374878227e-06,Rare,0.0003163155563990637,0.032%
11254200,"Chlorophonia cyanocephala pelzelni (P.L.Sclater, 1886)",6172103,"Euphonia cyanocephala pelzelni P.L.Sclater, 1886",1,SUBSPECIES,SYNONYM,Passeriformes,729.0,Fringillidae,5242.0,Euphonia,2487948.0,Euphonia cyanocephala,2488023.0,,1.5414400749756452e-06,Very Rare,6.326311127981274e-05,0.006%
9042377,"Spinus psaltria colombianus (Lafresnaye, 1843)",9042377,"Spinus psaltria colombianus (Lafresnaye, 1843)",1,SUBSPECIES,ACCEPTED,Passeriformes,729.0,Fringillidae,5242.0,Spinus,8051475.0,Spinus psaltria,5231647.0,,1.5414400749756452e-06,Very Rare,0.0017543859649122807,0.175%
7341766,Spinus xanthogastrus xanthogastrus,7341766,Spinus xanthogastrus xanthogastrus,1,SUBSPECIES,ACCEPTED,Passeriformes,729.0,Fringillidae,5242.0,Spinus,8051475.0,Spinus xanthogastrus,7341765.0,,1.5414400749756452e-06,Very Rare,0.0017543859649122807,0.175%
6089681,Synallaxis brachyura chapmani,6089681,Synallaxis brachyura chapmani,9,SUBSPECIES,ACCEPTED,Passeriformes,729.0,Furnariidae,5243.0,Synallaxis,2484925.0,Synallaxis brachyura,2485023.0,,1.3872960674780808e-05,Rare,0.0019863164864268373,0.199%
7683967,"Synallaxis brachyura nigrifumosa Lawrence, 1865",7683967,"Synallaxis brachyura nigrifumosa Lawrence, 1865",2,SUBSPECIES,ACCEPTED,Passeriformes,729.0,Furnariidae,5243.0,Synallaxis,2484925.0,Synallaxis brachyura,2485023.0,,3.0828801499512905e-06,Rare,0.0004414036636504083,0.044%
6171449,"Sclerurus mexicanus obscurior Hartert, 1901",6171449,"Sclerurus mexicanus obscurior Hartert, 1901",1,SUBSPECIES,ACCEPTED,Passeriformes,729.0,Furnariidae,5243.0,Sclerurus,2485208.0,Sclerurus mexicanus,2485221.0,,1.5414400749756452e-06,Very Rare,0.0049504950495049506,0.495%
7191781,Thripadectes virgaticeps virgaticeps,7191781,Thripadectes virgaticeps virgaticeps,6,SUBSPECIES,ACCEPTED,Passeriformes,729.0,Furnariidae,5243.0,Thripadectes,2485254.0,Thripadectes virgaticeps,2485257.0,,9.248640449853871e-06,Rare,0.0084985835694051,0.850%
6171562,"Thripadectes holostictus striatidorsus (Berlepsch & Taczanowski, 1884)",6171562,"Thripadectes holostictus striatidorsus (Berlepsch & Taczanowski, 1884)",2,SUBSPECIES,ACCEPTED,Passeriformes,729.0,Furnariidae,5243.0,Thripadectes,2485254.0,Thripadectes holostictus,2485265.0,,3.0828801499512905e-06,Rare,0.0028328611898017,0.283%
7191783,Thripadectes flammulatus flammulatus,7191783,Thripadectes flammulatus flammulatus,1,SUBSPECIES,ACCEPTED,Passeriformes,729.0,Furnariidae,5243.0,Thripadectes,2485254.0,Thripadectes flammulatus,2485272.0,,1.5414400749756452e-06,Very Rare,0.00141643059490085,0.142%
7191807,Premnoplex brunnescens brunnescens,7191807,Premnoplex brunnescens brunnescens,2,SUBSPECIES,ACCEPTED,Passeriformes,729.0,Furnariidae,5243.0,Premnoplex,2485275.0,Premnoplex brunnescens,2485279.0,,3.0828801499512905e-06,Rare,0.0029850746268656717,0.299%
7191795,Cranioleuca erythrops erythrops,7191795,Cranioleuca erythrops erythrops,11,SUBSPECIES,ACCEPTED,Passeriformes,729.0,Furnariidae,5243.0,Cranioleuca,2485286.0,Cranioleuca erythrops,2485336.0,,1.69558408247321e-05,Rare,0.0013172075200574781,0.132%
6171492,"Glyphorynchus spirurus sublestus J.L.Peters, 1929",6171492,"Glyphorynchus spirurus sublestus J.L.Peters, 1929",2,SUBSPECIES,ACCEPTED,Passeriformes,729.0,Furnariidae,5243.0,Glyphorynchus,2485340.0,Glyphorynchus spirurus,2485341.0,,3.0828801499512905e-06,Rare,0.0035211267605633804,0.352%
7191813,Syndactyla subalaris subalaris,7191813,Syndactyla subalaris subalaris,7,SUBSPECIES,ACCEPTED,Passeriformes,729.0,Furnariidae,5243.0,Syndactyla,2485356.0,Syndactyla subalaris,2485362.0,,1.0790080524829517e-05,Rare,0.0021014710297208045,0.210%
11094483,"Automolus virgatus assimilis Berlepsch & Taczanowski, 1884",6171326,"Hyloctistes subulatus assimilis (Berlepsch & Taczanowski, 1884)",2,SUBSPECIES,SYNONYM,Passeriformes,729.0,Furnariidae,5243.0,Hyloctistes,2485498.0,Hyloctistes subulatus,2485499.0,,3.0828801499512905e-06,Rare,0.05,5.00%
5230175,"Xiphorhynchus erythropygius aequatorialis (Berlepsch & Taczanowski, 1884)",5230175,"Xiphorhynchus erythropygius aequatorialis (Berlepsch & Taczanowski, 1884)",10,SUBSPECIES,ACCEPTED,Passeriformes,729.0,Furnariidae,5243.0,Xiphorhynchus,2485513.0,Xiphorhynchus erythropygius,5230172.0,,1.5414400749756454e-05,Rare,0.002299379167624741,0.230%
7458315,Premnornis guttuliger guttuliger,7458315,Premnornis guttuliger guttuliger,1,SUBSPECIES,ACCEPTED,Passeriformes,729.0,Furnariidae,5243.0,Premnornis,2485609.0,Premnornis guttuliger,6100762.0,,1.5414400749756452e-06,Very Rare,0.017543859649122806,1.75%
6171598,"Anabacerthia variegaticeps temporalis (P.L.Sclater, 1859)",6171598,"Anabacerthia variegaticeps temporalis (P.L.Sclater, 1859)",13,SUBSPECIES,ACCEPTED,Passeriformes,729.0,Furnariidae,5243.0,Anabacerthia,2485681.0,Anabacerthia variegaticeps,2485691.0,,2.0038720974683387e-05,Rare,0.0034291743603270903,0.343%
10958105,"Dendroma rufa riveti (Ménégaux & Hellmayr, 1906)",6171472,"Philydor rufum riveti Menegaux & Hellmayr, 1906",12,SUBSPECIES,SYNONYM,Passeriformes,729.0,Furnariidae,5243.0,Philydor,2485696.0,Philydor rufum,2485712.0,,1.8497280899707743e-05,Rare,0.002602472348731295,0.260%
6171472,"Philydor rufum riveti Menegaux & Hellmayr, 1906",6171472,"Philydor rufum riveti Menegaux & Hellmayr, 1906",2,SUBSPECIES,ACCEPTED,Passeriformes,729.0,Furnariidae,5243.0,Philydor,2485696.0,Philydor rufum,2485712.0,,3.0828801499512905e-06,Rare,0.00043374539145521576,0.043%
7742615,"Clibanornis rubiginosus nigricauda (Hartert & Ejo, 1898)",5230274,"Automolus rubiginosus nigricauda Hartert, 1898",4,SUBSPECIES,SYNONYM,Passeriformes,729.0,Furnariidae,5243.0,Automolus,2485730.0,Automolus rubiginosus,5230262.0,,6.165760299902581e-06,Rare,0.01282051282051282,1.28%
7991598,Clibanornis rubiginosus rubiginosus,5230262,"Automolus rubiginosus (P.L.Sclater, 1857)",1,SUBSPECIES,SYNONYM,Passeriformes,729.0,Furnariidae,5243.0,Automolus,2485730.0,Automolus rubiginosus,5230262.0,,1.5414400749756452e-06,Very Rare,0.003205128205128205,0.321%
6171072,"Dendrocincla fuliginosa ridgwayi Oberholser, 1904",6171072,"Dendrocincla fuliginosa ridgwayi Oberholser, 1904",11,SUBSPECIES,ACCEPTED,Passeriformes,729.0,Furnariidae,5243.0,Dendrocincla,2485949.0,Dendrocincla fuliginosa,2485950.0,,1.69558408247321e-05,Rare,0.004044117647058824,0.404%
7191844,Dendrocincla tyrannina tyrannina,7191844,Dendrocincla tyrannina tyrannina,2,SUBSPECIES,ACCEPTED,Passeriformes,729.0,Furnariidae,5243.0,Dendrocincla,2485949.0,Dendrocincla tyrannina,2485976.0,,3.0828801499512905e-06,Rare,0.0007352941176470588,0.074%
6171258,"Lepidocolaptes lacrymiger aequatorialis (Menegaux, 1912)",6171258,"Lepidocolaptes lacrymiger aequatorialis (Menegaux, 1912)",5,SUBSPECIES,ACCEPTED,Passeriformes,729.0,Furnariidae,5243.0,Lepidocolaptes,2486010.0,Lepidocolaptes lacrymiger,2486011.0,,7.707200374878227e-06,Rare,0.0018288222384784199,0.183%
6171282,"Lepidocolaptes souleyetii esmeraldae Chapman, 1923",6171282,"Lepidocolaptes souleyetii esmeraldae Chapman, 1923",3,SUBSPECIES,ACCEPTED,Passeriformes,729.0,Furnariidae,5243.0,Lepidocolaptes,2486010.0,Lepidocolaptes souleyetii,2486044.0,,4.624320224926936e-06,Rare,0.0010972933430870519,0.110%
7340430,Pygochelidon cyanoleuca cyanoleuca,7340430,Pygochelidon cyanoleuca cyanoleuca,2,SUBSPECIES,DOUBTFUL,Passeriformes,729.0,Hirundinidae,5248.0,Notiochelidon,2489174.0,Notiochelidon cyanoleuca,2489208.0,,3.0828801499512905e-06,Rare,0.00025284450063211124,0.025%
8887792,Notiochelidon cyanoleuca cyanoleuca,8887792,Notiochelidon cyanoleuca cyanoleuca,2,SUBSPECIES,ACCEPTED,Passeriformes,729.0,Hirundinidae,5248.0,Notiochelidon,2489174.0,Notiochelidon cyanoleuca,2489208.0,LC,3.0828801499512905e-06,Rare,0.00025284450063211124,0.025%
6086538,"Stelgidopteryx ruficollis uropygialis (Lawrence, 1863)",6086538,"Stelgidopteryx ruficollis uropygialis (Lawrence, 1863)",2,SUBSPECIES,ACCEPTED,Passeriformes,729.0,Hirundinidae,5248.0,Stelgidopteryx,2489200.0,Stelgidopteryx ruficollis,2489203.0,,3.0828801499512905e-06,Rare,0.00046609182008855747,0.047%
6172898,Geothlypis semiflava semiflava,6172898,Geothlypis semiflava semiflava,4,SUBSPECIES,ACCEPTED,Passeriformes,729.0,Parulidae,5263.0,Geothlypis,2489637.0,Geothlypis semiflava,2489641.0,,6.165760299902581e-06,Rare,0.004807692307692308,0.481%
6173144,"Myioborus miniatus ballux Wetmore & Phelps, 1944",6173144,"Myioborus miniatus ballux Wetmore & Phelps, 1944",13,SUBSPECIES,ACCEPTED,Passeriformes,729.0,Parulidae,5263.0,Myioborus,2489828.0,Myioborus miniatus,2489837.0,,2.0038720974683387e-05,Rare,0.0019022534386889084,0.190%
6093241,"Setophaga pitiayumi pacifica (von Berlepsch & Taczanowski, 1884)",6093241,"Setophaga pitiayumi pacifica (von Berlepsch & Taczanowski, 1884)",3,SUBSPECIES,ACCEPTED,Passeriformes,729.0,Parulidae,5263.0,Setophaga,2489984.0,Setophaga pitiayumi,7341895.0,,4.624320224926936e-06,Rare,0.0002674988854213107,0.027%
6171777,"Masius chrysopterus coronulatus P.L.Sclater, 1860",6171777,"Masius chrysopterus coronulatus P.L.Sclater, 1860",2,SUBSPECIES,ACCEPTED,Passeriformes,729.0,Pipridae,5270.0,Masius,2487739.0,Masius chrysopterus,2487740.0,,3.0828801499512905e-06,Rare,0.0035087719298245615,0.351%
6171703,"Machaeropterus regulus striolatus (Bonaparte, 1838)",6171703,"Machaeropterus regulus striolatus (Bonaparte, 1838)",1,SUBSPECIES,ACCEPTED,Passeriformes,729.0,Pipridae,5270.0,Machaeropterus,2487746.0,Machaeropterus regulus,2487747.0,,1.5414400749756452e-06,Very Rare,0.0005844535359438924,0.058%
7852616,Euchrepomis callinota callinota,2490016,"Terenura callinota (P.L.Sclater, 1855)",3,SUBSPECIES,SYNONYM,Passeriformes,729.0,Thamnophilidae,5286.0,Terenura,2490011.0,Terenura callinota,2490016.0,,4.624320224926936e-06,Rare,0.011494252873563218,1.15%
7341504,Terenura callinota callinota,7341504,Terenura callinota callinota,1,SUBSPECIES,ACCEPTED,Passeriformes,729.0,Thamnophilidae,5286.0,Terenura,2490011.0,Terenura callinota,2490016.0,,1.5414400749756452e-06,Very Rare,0.0038314176245210726,0.383%
6092915,"Dysithamnus mentalis aequatorialis Todd, 1916",6092915,"Dysithamnus mentalis aequatorialis Todd, 1916",1,SUBSPECIES,ACCEPTED,Passeriformes,729.0,Thamnophilidae,5286.0,Dysithamnus,2490027.0,Dysithamnus mentalis,2490033.0,,1.5414400749756452e-06,Very Rare,0.019230769230769232,1.92%
9577438,"Poliocrania exsul maculifer (Hellmayr, 1906)",6090729,"Myrmeciza exsul maculifer (Hellmayr, 1906)",2,SUBSPECIES,SYNONYM,Passeriformes,729.0,Thamnophilidae,5286.0,Myrmeciza,2490145.0,Myrmeciza exsul,2490163.0,,3.0828801499512905e-06,Rare,0.0014858841010401188,0.149%
9524245,"Hafferia zeledoni berlepschi (Ridgway, 1909)",7459131,"Myrmeciza zeledoni Ridgway, 1909",2,SUBSPECIES,SYNONYM,Passeriformes,729.0,Thamnophilidae,5286.0,Myrmeciza,2490145.0,Myrmeciza zeledoni,7459131.0,,3.0828801499512905e-06,Rare,0.0014858841010401188,0.149%
7341689,Myrmotherula schisticolor schisticolor,7341689,Myrmotherula schisticolor schisticolor,5,SUBSPECIES,ACCEPTED,Passeriformes,729.0,Thamnophilidae,5286.0,Myrmotherula,2490167.0,Myrmotherula schisticolor,2490202.0,,7.707200374878227e-06,Rare,0.002364066193853428,0.236%
6093898,"Taraba major transandeanus (P.L.Sclater, 1855)",6093898,"Taraba major transandeanus (P.L.Sclater, 1855)",1,SUBSPECIES,ACCEPTED,Passeriformes,729.0,Thamnophilidae,5286.0,Taraba,2490223.0,Taraba major,2490224.0,,1.5414400749756452e-06,Very Rare,0.0023584905660377358,0.236%
7341890,Thamnophilus unicolor unicolor,7341890,Thamnophilus unicolor unicolor,6,SUBSPECIES,ACCEPTED,Passeriformes,729.0,Thamnophilidae,5286.0,Thamnophilus,5959199.0,Thamnophilus unicolor,5959212.0,,9.248640449853871e-06,Rare,0.015873015873015872,1.59%
6093940,"Turdus serranus fuscobrunneus (Chapman, 1912)",6093940,"Turdus serranus fuscobrunneus (Chapman, 1912)",3,SUBSPECIES,ACCEPTED,Passeriformes,729.0,Turdidae,5290.0,Turdus,2490714.0,Turdus serranus,2490784.0,,4.624320224926936e-06,Rare,0.0003698224852071006,0.037%
9651823,Catharus maculatus maculatus,6086112,"Catharus dryas maculatus (P.L.Sclater, 1858)",4,SUBSPECIES,SYNONYM,Passeriformes,729.0,Turdidae,5290.0,Catharus,2490799.0,Catharus dryas,2490808.0,,6.165760299902581e-06,Rare,0.0010554089709762533,0.106%
6171849,"Catharus ustulatus swainsoni (Tschudi, 1845)",6171849,"Catharus ustulatus swainsoni (Tschudi, 1845)",2,SUBSPECIES,ACCEPTED,Passeriformes,729.0,Turdidae,5290.0,Catharus,2490799.0,Catharus ustulatus,2490821.0,,3.0828801499512905e-06,Rare,0.0005277044854881266,0.053%
6086489,"Myadestes ralloides plumbeiceps Hellmayr, 1921",6086489,"Myadestes ralloides plumbeiceps Hellmayr, 1921",6,SUBSPECIES,ACCEPTED,Passeriformes,729.0,Turdidae,5290.0,Myadestes,2490834.0,Myadestes ralloides,2490848.0,,9.248640449853871e-06,Rare,0.0033351862145636463,0.334%
7192090,Leptopogon superciliaris superciliaris,7192090,Leptopogon superciliaris superciliaris,10,SUBSPECIES,ACCEPTED,Passeriformes,729.0,Tyrannidae,5291.0,Leptopogon,2482709.0,Leptopogon superciliaris,5229505.0,,1.5414400749756454e-05,Rare,0.0026490066225165563,0.265%
5229507,"Leptopogon superciliaris transandinus Berlepsch & Taczanowski, 1884",5229507,"Leptopogon superciliaris transandinus Berlepsch & Taczanowski, 1884",3,SUBSPECIES,ACCEPTED,Passeriformes,729.0,Tyrannidae,5291.0,Leptopogon,2482709.0,Leptopogon superciliaris,5229505.0,,4.624320224926936e-06,Rare,0.0007947019867549669,0.079%
5229529,"Mionectes olivaceus hederaceus Bangs, 1910",5229529,"Mionectes olivaceus hederaceus Bangs, 1910",8,SUBSPECIES,ACCEPTED,Passeriformes,729.0,Tyrannidae,5291.0,Mionectes,2482811.0,Mionectes olivaceus,9504121.0,,1.2331520599805162e-05,Rare,0.014925373134328358,1.49%
12239740,"Mionectes galbinus hederaceus Bangs, 1910",12239740,"Mionectes galbinus hederaceus Bangs, 1910",3,SUBSPECIES,ACCEPTED,Passeriformes,729.0,Tyrannidae,5291.0,Mionectes,2482811.0,Mionectes galbinus,10803607.0,,4.624320224926936e-06,Rare,0.005597014925373134,0.560%
5229569,"Fluvicola nengeta atripennis P.L.Sclater, 1860",5229569,"Fluvicola nengeta atripennis P.L.Sclater, 1860",1,SUBSPECIES,ACCEPTED,Passeriformes,729.0,Tyrannidae,5291.0,Fluvicola,2482857.0,Fluvicola nengeta,5229568.0,,1.5414400749756452e-06,Very Rare,0.00045599635202918376,0.046%
6174610,"Myiozetetes cayanensis hellmayri Hartert & Goodson, 1917",6174610,"Myiozetetes cayanensis hellmayri Hartert & Goodson, 1917",5,SUBSPECIES,ACCEPTED,Passeriformes,729.0,Tyrannidae,5291.0,Myiozetetes,2482912.0,Myiozetetes cayanensis,2482921.0,,7.707200374878227e-06,Rare,0.00055666889334224,0.056%
5229588,"Platyrinchus mystaceus albogularis P.L.Sclater, 1860",5229588,"Platyrinchus mystaceus albogularis P.L.Sclater, 1860",6,SUBSPECIES,ACCEPTED,Passeriformes,729.0,Tyrannidae,5291.0,Platyrinchus,2483053.0,Platyrinchus mystaceus,9701018.0,,9.248640449853871e-06,Rare,0.018691588785046728,1.87%
5229610,"Elaenia flavogaster semipagana P.L.Sclater, 1862",5229610,"Elaenia flavogaster semipagana P.L.Sclater, 1862",1,SUBSPECIES,ACCEPTED,Passeriformes,729.0,Tyrannidae,5291.0,Elaenia,2483089.0,Elaenia flavogaster,5229606.0,,1.5414400749756452e-06,Very Rare,0.0004589261128958238,0.046%
8983717,Pogonotriccus ophthalmicus ophthalmicus,2483217,"Phylloscartes ophthalmicus (Taczanowski, 1874)",3,SUBSPECIES,SYNONYM,Passeriformes,729.0,Tyrannidae,5291.0,Phylloscartes,2483199.0,Phylloscartes ophthalmicus,2483217.0,,4.624320224926936e-06,Rare,0.0032397408207343412,0.324%
6174501,"Todirostrum cinereum sclateri (Cabanis & Heine, 1859)",6174501,"Todirostrum cinereum sclateri (Cabanis & Heine, 1859)",2,SUBSPECIES,ACCEPTED,Passeriformes,729.0,Tyrannidae,5291.0,Todirostrum,2483258.0,Todirostrum cinereum,2483274.0,,3.0828801499512905e-06,Rare,0.0013166556945358788,0.132%
7192071,Myiobius villosus villosus,7192071,Myiobius villosus villosus,5,SUBSPECIES,ACCEPTED,Passeriformes,729.0,Tyrannidae,5291.0,Myiobius,2483292.0,Myiobius villosus,2483293.0,,7.707200374878227e-06,Rare,0.01179245283018868,1.18%
7060955,Tyrannus melancholicus melancholicus,7060955,Tyrannus melancholicus melancholicus,4,SUBSPECIES,ACCEPTED,Passeriformes,729.0,Tyrannidae,5291.0,Tyrannus,2483336.0,Tyrannus melancholicus,5229662.0,,6.165760299902581e-06,Rare,0.000388651379712398,0.039%
6174878,"Lophotriccus pileatus squamaecrista (Lafresnaye, 1846)",6174878,"Lophotriccus pileatus squamaecrista (Lafresnaye, 1846)",14,SUBSPECIES,ACCEPTED,Passeriformes,729.0,Tyrannidae,5291.0,Lophotriccus,2483395.0,Lophotriccus pileatus,2483402.0,,2.1580161049659035e-05,Rare,0.0027189745581666343,0.272%
6174879,"Lophotriccus pileatus luteiventris Taczanowski, 1884",6174879,"Lophotriccus pileatus luteiventris Taczanowski, 1884",1,SUBSPECIES,ACCEPTED,Passeriformes,729.0,Tyrannidae,5291.0,Lophotriccus,2483395.0,Lophotriccus pileatus,2483402.0,,1.5414400749756452e-06,Very Rare,0.0001942124684404739,0.019%
12250463,"Myiodynastes hemichrysus minor Taczanowski & Berlepsch, 1885",12250463,"Myiodynastes hemichrysus minor Taczanowski & Berlepsch, 1885",17,SUBSPECIES,ACCEPTED,Passeriformes,729.0,Tyrannidae,5291.0,Myiodynastes,2483488.0,Myiodynastes hemichrysus,2483489.0,,2.6204481274585968e-05,Rare,0.0053475935828877,0.535%
6174744,"Myiodynastes chrysocephalus minor Taczanowski & Berlepsch, 1885",6174744,"Myiodynastes chrysocephalus minor Taczanowski & Berlepsch, 1885",2,SUBSPECIES,ACCEPTED,Passeriformes,729.0,Tyrannidae,5291.0,Myiodynastes,2483488.0,Myiodynastes chrysocephalus,2483490.0,,3.0828801499512905e-06,Rare,0.0006291286568103177,0.063%
6174789,"Camptostoma obsoletum sclateri (Berlepsch & Taczanowski, 1884)",6174789,"Camptostoma obsoletum sclateri (Berlepsch & Taczanowski, 1884)",4,SUBSPECIES,ACCEPTED,Passeriformes,729.0,Tyrannidae,5291.0,Camptostoma,2483506.0,Camptostoma obsoletum,2483511.0,,6.165760299902581e-06,Rare,0.0022123893805309734,0.221%
6174442,"Myiarchus tuberculifer nigriceps P.L.Sclater, 1860",6174442,"Myiarchus tuberculifer nigriceps P.L.Sclater, 1860",5,SUBSPECIES,ACCEPTED,Passeriformes,729.0,Tyrannidae,5291.0,Myiarchus,2483527.0,Myiarchus tuberculifer,2483531.0,,7.707200374878227e-06,Rare,0.0011568718186024988,0.116%
6174866,"Sayornis nigricans angustirostris Berlepsch & Stolzmann, 1896",6174866,"Sayornis nigricans angustirostris Berlepsch & Stolzmann, 1896",23,SUBSPECIES,ACCEPTED,Passeriformes,729.0,Tyrannidae,5291.0,Sayornis,2483605.0,Sayornis nigricans,2483612.0,,3.545312172443984e-05,Uncommon,0.003569211669770329,0.357%
6174293,"Attila spadiceus parambae Hartert, 1900",6174293,"Attila spadiceus parambae Hartert, 1900",4,SUBSPECIES,ACCEPTED,Passeriformes,729.0,Tyrannidae,5291.0,Attila,2483622.0,Attila spadiceus,2483629.0,,6.165760299902581e-06,Rare,0.07692307692307693,7.69%
6174700,"Myiotriccus ornatus stellatus (Cabanis, 1873)",6174700,"Myiotriccus ornatus stellatus (Cabanis, 1873)",9,SUBSPECIES,ACCEPTED,Passeriformes,729.0,Tyrannidae,5291.0,Myiotriccus,2483665.0,Myiotriccus ornatus,2483666.0,,1.3872960674780808e-05,Rare,0.0015151515151515152,0.152%
5229761,"Contopus fumigatus zarumae (Chapman, 1924)",5229761,"Contopus fumigatus zarumae (Chapman, 1924)",1,SUBSPECIES,ACCEPTED,Passeriformes,729.0,Tyrannidae,5291.0,Contopus,2483729.0,Contopus fumigatus,5229760.0,,1.5414400749756452e-06,Very Rare,0.0003929273084479371,0.039%
6174489,"Pseudotriccus pelzelni annectens (Salvadori & Festa, 1899)",6174489,"Pseudotriccus pelzelni annectens (Salvadori & Festa, 1899)",4,SUBSPECIES,ACCEPTED,Passeriformes,729.0,Tyrannidae,5291.0,Pseudotriccus,2483813.0,Pseudotriccus pelzelni,2483814.0,,6.165760299902581e-06,Rare,0.03636363636363636,3.64%
6174730,"Capsiempis flaveola magnirostris Hartert, 1898",6174730,"Capsiempis flaveola magnirostris Hartert, 1898",4,SUBSPECIES,ACCEPTED,Passeriformes,729.0,Tyrannidae,5291.0,Capsiempis,2483844.0,Capsiempis flaveola,2483845.0,,6.165760299902581e-06,Rare,0.0020253164556962027,0.203%
6174347,"Poecilotriccus ruficeps rufigenis (P.L.Sclater & Salvin, 1877)",6174347,"Poecilotriccus ruficeps rufigenis (P.L.Sclater & Salvin, 1877)",1,SUBSPECIES,ACCEPTED,Passeriformes,729.0,Tyrannidae,5291.0,Poecilotriccus,2483869.0,Poecilotriccus ruficeps,2483882.0,,1.5414400749756452e-06,Very Rare,0.02857142857142857,2.86%
6174323,"Pyrrhomyias cinnamomeus pyrrhopterus (Hartlaub, 1843)",6174323,"Pyrrhomyias cinnamomeus pyrrhopterus (Hartlaub, 1843)",1,SUBSPECIES,ACCEPTED,Passeriformes,729.0,Tyrannidae,5291.0,Pyrrhomyias,2483913.0,Pyrrhomyias cinnamomeus,2483914.0,,1.5414400749756452e-06,Very Rare,0.008,0.800%
7192031,Serpophaga cinerea cinerea,7192031,Serpophaga cinerea cinerea,8,SUBSPECIES,ACCEPTED,Passeriformes,729.0,Tyrannidae,5291.0,Serpophaga,2483957.0,Serpophaga cinerea,2483963.0,,1.2331520599805162e-05,Rare,0.003940886699507389,0.394%
7341905,Nephelomyias pulcher pulcher,5229786,"Myiophobus pulcher (P.L.Sclater, 1861)",1,SUBSPECIES,SYNONYM,Passeriformes,729.0,Tyrannidae,5291.0,Myiophobus,5229779.0,Myiophobus pulcher,5229786.0,,1.5414400749756452e-06,Very Rare,0.0010416666666666667,0.104%
7192025,Myiophobus flavicans flavicans,7192025,Myiophobus flavicans flavicans,1,SUBSPECIES,ACCEPTED,Passeriformes,729.0,Tyrannidae,5291.0,Myiophobus,5229779.0,Myiophobus flavicans,5229791.0,,1.5414400749756452e-06,Very Rare,0.0010416666666666667,0.104%
6174562,"Myiophobus phoenicomitra litae (Hartert, 1900)",6174562,"Myiophobus phoenicomitra litae (Hartert, 1900)",5,SUBSPECIES,ACCEPTED,Passeriformes,729.0,Tyrannidae,5291.0,Myiophobus,5229779.0,Myiophobus phoenicomitra,5229797.0,,7.707200374878227e-06,Rare,0.005208333333333333,0.521%
6174557,"Myiophobus fasciatus crypterythrus (P.L.Sclater, 1861)",6174557,"Myiophobus fasciatus crypterythrus (P.L.Sclater, 1861)",4,SUBSPECIES,ACCEPTED,Passeriformes,729.0,Tyrannidae,5291.0,Myiophobus,5229779.0,Myiophobus fasciatus,5229801.0,,6.165760299902581e-06,Rare,0.004166666666666667,0.417%
6175069,"Psarocolius angustifrons atrocastaneus (Cabanis, 1873)",6175069,"Psarocolius angustifrons atrocastaneus (Cabanis, 1873)",2,SUBSPECIES,ACCEPTED,Passeriformes,729.0,Icteridae,6176.0,Psarocolius,2484215.0,Psarocolius angustifrons,2484222.0,,3.0828801499512905e-06,Rare,0.00851063829787234,0.851%
9073830,Dives warczewiczi warczewiczi,9073830,Dives warczewiczi warczewiczi,3,SUBSPECIES,ACCEPTED,Passeriformes,729.0,Icteridae,6176.0,Dives,2484433.0,Dives warczewiczi,6100778.0,,4.624320224926936e-06,Rare,0.000881057268722467,0.088%
6172046,"Piranga leucoptera ardens (Tschudi, 1844)",6172046,"Piranga leucoptera ardens (Tschudi, 1844)",10,SUBSPECIES,ACCEPTED,Passeriformes,729.0,Cardinalidae,9285.0,Piranga,2488483.0,Piranga leucoptera,2488493.0,,1.5414400749756454e-05,Rare,0.0028296547821165816,0.283%
7192214,Chlorothraupis stolzmanni stolzmanni,7192214,Chlorothraupis stolzmanni stolzmanni,5,SUBSPECIES,ACCEPTED,Passeriformes,729.0,Cardinalidae,9285.0,Chlorothraupis,2488764.0,Chlorothraupis stolzmanni,2488770.0,,7.707200374878227e-06,Rare,0.0040453074433656954,0.405%
6172682,Pheucticus chrysogaster chrysogaster,6172682,Pheucticus chrysogaster chrysogaster,1,SUBSPECIES,ACCEPTED,Passeriformes,729.0,Cardinalidae,9285.0,Pheucticus,2490486.0,Pheucticus chrysogaster,2490491.0,,1.5414400749756452e-06,Very Rare,0.002688172043010753,0.269%
6086950,"Cinclus leucocephalus leuconotus P.L.Sclater, 1858",6086950,"Cinclus leucocephalus leuconotus P.L.Sclater, 1858",3,SUBSPECIES,ACCEPTED,Passeriformes,729.0,Cinclidae,9290.0,Cinclus,2495086.0,Cinclus leucocephalus,5231776.0,,4.624320224926936e-06,Rare,0.002025658338960162,0.203%
6089856,"Formicarius rufipectus carrikeri Chapman, 1912",6089856,"Formicarius rufipectus carrikeri Chapman, 1912",4,SUBSPECIES,ACCEPTED,Passeriformes,729.0,Formicariidae,9311.0,Formicarius,2490547.0,Formicarius rufipectus,2490552.0,,6.165760299902581e-06,Rare,0.0015249714067861228,0.152%
5230556,"Anisognathus somptuosus cyanopterus (Cabanis, 1866)",5230556,"Anisognathus somptuosus cyanopterus (Cabanis, 1866)",1,SUBSPECIES,ACCEPTED,Passeriformes,729.0,Thraupidae,9352.0,Anisognathus,2488031.0,Anisognathus somptuosus,5230547.0,,1.5414400749756452e-06,Very Rare,0.0008071025020177562,0.081%
7060625,Tangara labradorides labradorides,7060625,Tangara labradorides labradorides,7,SUBSPECIES,ACCEPTED,Passeriformes,729.0,Thraupidae,9352.0,Tangara,2488096.0,Tangara labradorides,2488101.0,,1.0790080524829517e-05,Rare,0.0002600200586902418,0.026%
6172303,"Tangara nigroviridis cyanescens (P.L.Sclater, 1857)",6172303,"Tangara nigroviridis cyanescens (P.L.Sclater, 1857)",8,SUBSPECIES,ACCEPTED,Passeriformes,729.0,Thraupidae,9352.0,Tangara,2488096.0,Tangara nigroviridis,2488106.0,,1.2331520599805162e-05,Rare,0.00029716578136027634,0.030%
6172291,"Tangara gyrola nupera Bangs, 1917",6172291,"Tangara gyrola nupera Bangs, 1917",4,SUBSPECIES,ACCEPTED,Passeriformes,729.0,Thraupidae,9352.0,Tangara,2488096.0,Tangara gyrola,2488114.0,,6.165760299902581e-06,Rare,0.00014858289068013817,0.015%
6172311,"Tangara arthus goodsoni E.Hartert, 1913",6172311,"Tangara arthus goodsoni E.Hartert, 1913",31,SUBSPECIES,ACCEPTED,Passeriformes,729.0,Thraupidae,9352.0,Tangara,2488096.0,Tangara arthus,2488179.0,,4.7784642324245e-05,Uncommon,0.001151517402771071,0.115%
6172359,"Tangara parzudakii lunigera (P.L.Sclater, 1851)",6172359,"Tangara parzudakii lunigera (P.L.Sclater, 1851)",3,SUBSPECIES,ACCEPTED,Passeriformes,729.0,Thraupidae,9352.0,Tangara,2488096.0,Tangara parzudakii,2488192.0,,4.624320224926936e-06,Rare,0.00011143716801010364,0.011%
7192221,Tangara icterocephala icterocephala,7192221,Tangara icterocephala icterocephala,13,SUBSPECIES,ACCEPTED,Passeriformes,729.0,Thraupidae,9352.0,Tangara,2488096.0,Tangara icterocephala,2488222.0,,2.0038720974683387e-05,Rare,0.0004828943947104491,0.048%
6172170,"Dacnis lineata aequatorialis Berlepsch & Taczanowski, 1884",9167607,"Dacnis egregia aequatorialis Berlepsch & Taczanowski, 1884",3,SUBSPECIES,SYNONYM,Passeriformes,729.0,Thraupidae,9352.0,Dacnis,2488348.0,Dacnis egregia,6100781.0,,4.624320224926936e-06,Rare,0.003181336161187699,0.318%
9167607,"Dacnis egregia aequatorialis Berlepsch & Taczanowski, 1884",9167607,"Dacnis egregia aequatorialis Berlepsch & Taczanowski, 1884",1,SUBSPECIES,ACCEPTED,Passeriformes,729.0,Thraupidae,9352.0,Dacnis,2488348.0,Dacnis egregia,6100781.0,,1.5414400749756452e-06,Very Rare,0.0010604453870625664,0.106%
6172182,"Ramphocelus flammigerus icteronotus Bonaparte, 1838",5845475,"Ramphocelus icteronotus Bonaparte, 1838",170,SUBSPECIES,SYNONYM,Passeriformes,729.0,Thraupidae,9352.0,Ramphocelus,2488419.0,Ramphocelus icteronotus,5845475.0,,0.00026204481274585967,Uncommon,0.012625324916450055,1.26%
6172391,"Tersina viridis occidentalis (P.L.Sclater, 1855)",6172391,"Tersina viridis occidentalis (P.L.Sclater, 1855)",3,SUBSPECIES,ACCEPTED,Passeriformes,729.0,Thraupidae,9352.0,Tersina,2488544.0,Tersina viridis,2488545.0,,4.624320224926936e-06,Rare,0.0006625441696113075,0.066%
6172251,"Thraupis episcopus quaesita Bangs & Noble, 1918",6172251,"Thraupis episcopus quaesita Bangs & Noble, 1918",10,SUBSPECIES,ACCEPTED,Passeriformes,729.0,Thraupidae,9352.0,Thraupis,2488600.0,Thraupis episcopus,2488602.0,,1.5414400749756454e-05,Rare,0.0005142710208279763,0.051%
6172240,"Thraupis palmarum violilavata (Berlepsch & Taczanowski, 1884)",6172240,"Thraupis palmarum violilavata (Berlepsch & Taczanowski, 1884)",9,SUBSPECIES,ACCEPTED,Passeriformes,729.0,Thraupidae,9352.0,Thraupis,2488600.0,Thraupis palmarum,9436876.0,,1.3872960674780808e-05,Rare,0.00046284391874517873,0.046%
6172507,"Pipraeidea melanonota venezuelensis P.L.Sclater, 1857",6172507,"Pipraeidea melanonota venezuelensis P.L.Sclater, 1857",4,SUBSPECIES,ACCEPTED,Passeriformes,729.0,Thraupidae,9352.0,Pipraeidea,2488794.0,Pipraeidea melanonota,2488795.0,,6.165760299902581e-06,Rare,0.001444043321299639,0.144%
7192241,Diglossa albilatera albilatera,7192241,Diglossa albilatera albilatera,1,SUBSPECIES,ACCEPTED,Passeriformes,729.0,Thraupidae,9352.0,Diglossa,2488798.0,Diglossa albilatera,5230649.0,,1.5414400749756452e-06,Very Rare,0.00205761316872428,0.206%
9100399,"Sporophila nigricollis olivacea (Berlepsch & Taczanowski, 1884)",9100399,"Sporophila nigricollis olivacea (Berlepsch & Taczanowski, 1884)",5,SUBSPECIES,ACCEPTED,Passeriformes,729.0,Thraupidae,9352.0,Sporophila,2491308.0,Sporophila nigricollis,2491335.0,,7.707200374878227e-06,Rare,0.0004900039200313603,0.049%
6173676,"Sporophila nigricollis vivida Hellmayr, 1938",9100399,"Sporophila nigricollis olivacea (Berlepsch & Taczanowski, 1884)",4,SUBSPECIES,SYNONYM,Passeriformes,729.0,Thraupidae,9352.0,Sporophila,2491308.0,Sporophila nigricollis,2491335.0,,6.165760299902581e-06,Rare,0.0003920031360250882,0.039%
6173672,"Sporophila corvina ophthalmica (P.L.Sclater, 1860)",6173672,"Sporophila corvina ophthalmica (P.L.Sclater, 1860)",13,SUBSPECIES,ACCEPTED,Passeriformes,729.0,Thraupidae,9352.0,Sporophila,2491308.0,Sporophila corvina,2491356.0,,2.0038720974683387e-05,Rare,0.0012740101920815366,0.127%
6173768,"Volatinia jacarina peruviensis (Peale, 1849)",6173768,"Volatinia jacarina peruviensis (Peale, 1849)",1,SUBSPECIES,ACCEPTED,Passeriformes,729.0,Thraupidae,9352.0,Volatinia,2491740.0,Volatinia jacarina,2491741.0,,1.5414400749756452e-06,Very Rare,0.0009372071227741331,0.094%
5231038,"Tiaris olivaceus pusillus Swainson, 1827",5231038,"Tiaris olivaceus pusillus Swainson, 1827",1,SUBSPECIES,ACCEPTED,Passeriformes,729.0,Thraupidae,9352.0,Tiaris,2491799.0,Tiaris olivaceus,5231037.0,,1.5414400749756452e-06,Very Rare,0.0049261083743842365,0.493%
6171678,"Coereba flaveola intermedia (Salvadori & Festa, 1899)",6171678,"Coereba flaveola intermedia (Salvadori & Festa, 1899)",25,SUBSPECIES,ACCEPTED,Passeriformes,729.0,Thraupidae,9352.0,Coereba,2493743.0,Coereba flaveola,2493744.0,,3.853600187439113e-05,Uncommon,0.0030845157310302285,0.308%
7191760,Saltator maximus maximus,7191760,Saltator maximus maximus,4,SUBSPECIES,ACCEPTED,Passeriformes,729.0,Thraupidae,9352.0,Saltator,5428759.0,Saltator maximus,5230942.0,,6.165760299902581e-06,Rare,0.0003542644584182092,0.035%
11102603,"Asemospiza obscura pauper (Berlepsch & Taczanowski, 1884)",11102603,"Asemospiza obscura pauper (Berlepsch & Taczanowski, 1884)",3,SUBSPECIES,ACCEPTED,Passeriformes,729.0,Thraupidae,9352.0,Asemospiza,7666090.0,Asemospiza obscura,11049909.0,,4.624320224926936e-06,Rare,0.002284843869002285,0.228%
11014529,"Stilpnia cyanicollis cyanopygia (Berlepsch & Taczanowski, 1884)",11014529,"Stilpnia cyanicollis cyanopygia (Berlepsch & Taczanowski, 1884)",26,SUBSPECIES,ACCEPTED,Passeriformes,729.0,Thraupidae,9352.0,Stilpnia,8198888.0,Stilpnia cyanicollis,10992187.0,,4.0077441949366774e-05,Uncommon,0.003227408142999007,0.323%
6089124,"Troglodytes aedon albicans Berlepsch & Taczanowski, 1884",6089124,"Troglodytes aedon albicans Berlepsch & Taczanowski, 1884",10,SUBSPECIES,ACCEPTED,Passeriformes,729.0,Troglodytidae,9355.0,Troglodytes,2493899.0,Troglodytes aedon,5231459.0,,1.5414400749756454e-05,Rare,0.0012919896640826874,0.129%
5845228,"Campylorhynchus zonatus brevirostris Lafresnaye, 1845",5845228,"Campylorhynchus zonatus brevirostris Lafresnaye, 1845",2,SUBSPECIES,ACCEPTED,Passeriformes,729.0,Troglodytidae,9355.0,Campylorhynchus,2493929.0,Campylorhynchus zonatus,5231469.0,,3.0828801499512905e-06,Rare,0.08333333333333333,8.33%
6087923,"Henicorhina leucophrys brunneiceps Chapman, 1914",6087923,"Henicorhina leucophrys brunneiceps Chapman, 1914",5,SUBSPECIES,ACCEPTED,Passeriformes,729.0,Troglodytidae,9355.0,Henicorhina,2493955.0,Henicorhina leucophrys,2493957.0,,7.707200374878227e-06,Rare,0.0009476876421531463,0.095%
6087916,"Henicorhina leucophrys hilaris Berlepsch & Taczanowski, 1884",6087916,"Henicorhina leucophrys hilaris Berlepsch & Taczanowski, 1884",2,SUBSPECIES,ACCEPTED,Passeriformes,729.0,Troglodytidae,9355.0,Henicorhina,2493955.0,Henicorhina leucophrys,2493957.0,,3.0828801499512905e-06,Rare,0.0003790750568612585,0.038%
7340691,Henicorhina leucophrys leucophrys,7340691,Henicorhina leucophrys leucophrys,1,SUBSPECIES,ACCEPTED,Passeriformes,729.0,Troglodytidae,9355.0,Henicorhina,2493955.0,Henicorhina leucophrys,2493957.0,,1.5414400749756452e-06,Very Rare,0.00018953752843062926,0.019%
6089648,Cantorchilus nigricapillus nigricapillus,6089648,Cantorchilus nigricapillus nigricapillus,6,SUBSPECIES,ACCEPTED,Passeriformes,729.0,Troglodytidae,9355.0,Cantorchilus,7341033.0,Cantorchilus nigricapillus,7341063.0,,9.248640449853871e-06,Rare,0.0011082379017362395,0.111%
7341191,Pheugopedius mystacalis mystacalis,7341191,Pheugopedius mystacalis mystacalis,1,SUBSPECIES,ACCEPTED,Passeriformes,729.0,Troglodytidae,9355.0,Pheugopedius,7341112.0,Pheugopedius mystacalis,7341190.0,,1.5414400749756452e-06,Very Rare,0.002207505518763797,0.221%
6087852,"Microcerculus marginatus taeniatus Salvin, 1881",6087852,"Microcerculus marginatus taeniatus Salvin, 1881",2,SUBSPECIES,ACCEPTED,Passeriformes,729.0,Troglodytidae,9355.0,Microcerculus,7939828.0,Microcerculus marginatus,2493836.0,,3.0828801499512905e-06,Rare,0.0009285051067780873,0.093%
11062474,"Vireo chivi griseobarbatus (Berlepsch & Taczanowski, 1884)",6090470,"Vireo olivaceus griseobarbatus (Berlepsch & Taczanowski, 1884)",3,SUBSPECIES,SYNONYM,Passeriformes,729.0,Vireonidae,9358.0,Vireo,2487406.0,Vireo olivaceus,2487430.0,,4.624320224926936e-06,Rare,0.0007340347443112308,0.073%
6090470,"Vireo olivaceus griseobarbatus (Berlepsch & Taczanowski, 1884)",6090470,"Vireo olivaceus griseobarbatus (Berlepsch & Taczanowski, 1884)",1,SUBSPECIES,ACCEPTED,Passeriformes,729.0,Vireonidae,9358.0,Vireo,2487406.0,Vireo olivaceus,2487430.0,,1.5414400749756452e-06,Very Rare,0.00024467824810374357,0.024%
6090521,"Vireo leucophrys josephae P.L.Sclater, 1859",6090521,"Vireo leucophrys josephae P.L.Sclater, 1859",3,SUBSPECIES,ACCEPTED,Passeriformes,729.0,Vireonidae,9358.0,Vireo,2487406.0,Vireo leucophrys,2487452.0,,4.624320224926936e-06,Rare,0.0007340347443112308,0.073%
11325032,Polioptila bilineata bilineata,6087264,"Polioptila plumbea bilineata (Bonaparte, 1850)",1,SUBSPECIES,SYNONYM,Passeriformes,729.0,Polioptilidae,5789066.0,Polioptila,2487581.0,Polioptila plumbea,2487583.0,,1.5414400749756452e-06,Very Rare,0.002457002457002457,0.246%
6088848,"Grallaricula flavirostris mindoensis Chapman, 1925",6088848,"Grallaricula flavirostris mindoensis Chapman, 1925",2,SUBSPECIES,ACCEPTED,Passeriformes,729.0,Grallariidae,6101110.0,Grallaricula,2490507.0,Grallaricula flavirostris,2490514.0,,3.0828801499512905e-06,Rare,0.01282051282051282,1.28%
6089637,"Grallaria gigantea hylodroma Wetmore, 1945",6089637,"Grallaria gigantea hylodroma Wetmore, 1945",1,SUBSPECIES,ACCEPTED,Passeriformes,729.0,Grallariidae,6101110.0,Grallaria,2490516.0,Grallaria gigantea,2490517.0,,1.5414400749756452e-06,Very Rare,0.0012165450121654502,0.122%
6089502,"Grallaria guatimalensis regulus P.L.Sclater, 1860",6089502,"Grallaria guatimalensis regulus P.L.Sclater, 1860",3,SUBSPECIES,ACCEPTED,Passeriformes,729.0,Grallariidae,6101110.0,Grallaria,2490516.0,Grallaria guatimalensis,2490529.0,,4.624320224926936e-06,Rare,0.0036496350364963502,0.365%
6172432,"Chlorospingus flavigularis marginatus Chapman, 1914",6172432,"Chlorospingus flavigularis marginatus Chapman, 1914",10,SUBSPECIES,ACCEPTED,Passeriformes,729.0,Passerellidae,9410667.0,Chlorospingus,2488700.0,Chlorospingus flavigularis,2488703.0,,1.5414400749756454e-05,Rare,0.0013469827586206897,0.135%
7060650,Chlorospingus semifuscus semifuscus,7060650,Chlorospingus semifuscus semifuscus,4,SUBSPECIES,ACCEPTED,Passeriformes,729.0,Passerellidae,9410667.0,Chlorospingus,2488700.0,Chlorospingus semifuscus,2488735.0,,6.165760299902581e-06,Rare,0.0005387931034482759,0.054%
6172461,"Chlorospingus canigularis conspicillatus Todd, 1922",6172461,"Chlorospingus canigularis conspicillatus Todd, 1922",10,SUBSPECIES,ACCEPTED,Passeriformes,729.0,Passerellidae,9410667.0,Chlorospingus,2488700.0,Chlorospingus canigularis,2488739.0,,1.5414400749756454e-05,Rare,0.0013469827586206897,0.135%
6173461,"Arremonops conirostris striaticeps (Lafresnaye, 1853)",6173461,"Arremonops conirostris striaticeps (Lafresnaye, 1853)",3,SUBSPECIES,ACCEPTED,Passeriformes,729.0,Passerellidae,9410667.0,Arremonops,2491023.0,Arremonops conirostris,2491024.0,,4.624320224926936e-06,Rare,0.0039946737683089215,0.399%
6542054,Atlapetes tricolor crassus,6542054,Atlapetes tricolor crassus,3,SUBSPECIES,ACCEPTED,Passeriformes,729.0,Passerellidae,9410667.0,Atlapetes,2491388.0,Atlapetes tricolor,2491398.0,,4.624320224926936e-06,Rare,0.001029512697323267,0.103%
6173562,"Arremon aurantiirostris occidentalis Hellmayr, 1911",6173562,"Arremon aurantiirostris occidentalis Hellmayr, 1911",6,SUBSPECIES,ACCEPTED,Passeriformes,729.0,Passerellidae,9410667.0,Arremon,2491613.0,Arremon aurantiirostris,2491628.0,,9.248640449853871e-06,Rare,0.0014385039558858787,0.144%
7341897,Arremon assimilis assimilis,7341897,Arremon assimilis assimilis,1,SUBSPECIES,ACCEPTED,Passeriformes,729.0,Passerellidae,9410667.0,Arremon,2491613.0,Arremon assimilis,7341896.0,,1.5414400749756452e-06,Very Rare,0.0002397506593143131,0.024%
6093541,"Arremon brunneinucha frontalis Tschudi, 1844",6093541,"Arremon brunneinucha frontalis Tschudi, 1844",2,SUBSPECIES,ACCEPTED,Passeriformes,729.0,Passerellidae,9410667.0,Arremon,2491613.0,Arremon brunneinucha,7341947.0,,3.0828801499512905e-06,Rare,0.0004795013186286262,0.048%
6173234,"Zonotrichia capensis costaricensis J.A.Allen, 1891",6173234,"Zonotrichia capensis costaricensis J.A.Allen, 1891",3,SUBSPECIES,ACCEPTED,Passeriformes,729.0,Passerellidae,9410667.0,Zonotrichia,6173226.0,Zonotrichia capensis,5231103.0,,4.624320224926936e-06,Rare,0.0017814726840855108,0.178%
6170689,"Pyrrhura melanura pacifica Chapman, 1915",6170689,"Pyrrhura melanura pacifica Chapman, 1915",1,SUBSPECIES,ACCEPTED,Psittaciformes,1445.0,Psittacidae,9340.0,Pyrrhura,2479799.0,Pyrrhura melanura,2479824.0,,1.5414400749756452e-06,Very Rare,0.0008481764206955047,0.085%
6170945,"Pionus sordidus corallinus Bonaparte, 1854",6170945,"Pionus sordidus corallinus Bonaparte, 1854",4,SUBSPECIES,ACCEPTED,Psittaciformes,1445.0,Psittacidae,9340.0,Pionus,2479900.0,Pionus sordidus,2479917.0,,6.165760299902581e-06,Rare,0.00033582402820921836,0.034%
6170943,"Pionus sordidus mindoensis Chapman, 1925",6170943,"Pionus sordidus mindoensis Chapman, 1925",1,SUBSPECIES,ACCEPTED,Psittaciformes,1445.0,Psittacidae,9340.0,Pionus,2479900.0,Pionus sordidus,2479917.0,,1.5414400749756452e-06,Very Rare,8.395600705230459e-05,0.008%
6179656,"Patagioenas plumbea chapmani (Ridgway, 1916)",6179656,"Patagioenas plumbea chapmani (Ridgway, 1916)",1,SUBSPECIES,ACCEPTED,Columbiformes,1446.0,Columbidae,5233.0,Patagioenas,2495265.0,Patagioenas plumbea,2495314.0,,1.5414400749756452e-06,Very Rare,0.00011198208286674133,0.011%
6179664,"Patagioenas subvinacea berlepschi (Hartert, 1898)",6179664,"Patagioenas subvinacea berlepschi (Hartert, 1898)",1,SUBSPECIES,ACCEPTED,Columbiformes,1446.0,Columbidae,5233.0,Patagioenas,2495265.0,Patagioenas subvinacea,2495321.0,,1.5414400749756452e-06,Very Rare,0.00011198208286674133,0.011%
7465014,"Zentrygon frenata bourcieri (Bonaparte, 1855)",7465014,"Zentrygon frenata bourcieri (Bonaparte, 1855)",3,SUBSPECIES,ACCEPTED,Columbiformes,1446.0,Columbidae,5233.0,Zentrygon,7366089.0,Zentrygon frenata,8243080.0,,4.624320224926936e-06,Rare,0.00505902192242833,0.506%
6179132,"Geotrygon frenata bourcieri Bonaparte, 1855",7465014,"Zentrygon frenata bourcieri (Bonaparte, 1855)",1,SUBSPECIES,SYNONYM,Columbiformes,1446.0,Columbidae,5233.0,Zentrygon,7366089.0,Zentrygon frenata,8243080.0,,1.5414400749756452e-06,Very Rare,0.0016863406408094434,0.169%
7191462,Megaceryle torquata torquata,7191462,Megaceryle torquata torquata,1,SUBSPECIES,ACCEPTED,Coraciiformes,1447.0,Alcedinidae,2984.0,Megaceryle,2475462.0,Megaceryle torquata,2475466.0,LC,1.5414400749756452e-06,Very Rare,0.0006854009595613434,0.069%
6175906,"Baryphthengus martii semirufus (P.L.Sclater, 1853)",6175906,"Baryphthengus martii semirufus (P.L.Sclater, 1853)",7,SUBSPECIES,ACCEPTED,Coraciiformes,1447.0,Momotidae,5255.0,Baryphthengus,2475268.0,Baryphthengus martii,2475270.0,,1.0790080524829517e-05,Rare,0.0009841135948263741,0.098%
7191484,Baryphthengus martii martii,7191484,Baryphthengus martii martii,1,SUBSPECIES,ACCEPTED,Coraciiformes,1447.0,Momotidae,5255.0,Baryphthengus,2475268.0,Baryphthengus martii,2475270.0,,1.5414400749756452e-06,Very Rare,0.00014058765640376775,0.014%
6542626,"Momotus subrufescens argenticinctus Sharpe, 1892",6542626,"Momotus subrufescens argenticinctus Sharpe, 1892",2,SUBSPECIES,ACCEPTED,Coraciiformes,1447.0,Momotidae,5255.0,Momotus,2475289.0,Momotus subrufescens,7342297.0,,3.0828801499512905e-06,Rare,1.0,100.0%
7059609,Electron platyrhynchum platyrhynchum,7059609,Electron platyrhynchum platyrhynchum,2,SUBSPECIES,ACCEPTED,Coraciiformes,1447.0,Momotidae,5255.0,Electron,2475319.0,Electron platyrhynchum,2475321.0,,3.0828801499512905e-06,Rare,0.0014005602240896359,0.140%
6178527,"Streptoprocne zonaris subtropicalis Parkes, 1994",6178527,"Streptoprocne zonaris subtropicalis Parkes, 1994",2,SUBSPECIES,ACCEPTED,Apodiformes,1448.0,Apodidae,2993.0,Streptoprocne,2477070.0,Streptoprocne zonaris,2477082.0,,3.0828801499512905e-06,Rare,0.0005124263387138099,0.051%
6178733,Florisuga mellivora mellivora,6178733,Florisuga mellivora mellivora,24,SUBSPECIES,ACCEPTED,Apodiformes,1448.0,Trochilidae,5289.0,Florisuga,2476192.0,Florisuga mellivora,2476195.0,,3.6994561799415486e-05,Uncommon,0.00261437908496732,0.261%
6178847,"Schistes geoffroyi albogularis Gould, 1852",8752472,"Schistes albogularis Gould, 1852",3,SUBSPECIES,SYNONYM,Apodiformes,1448.0,Trochilidae,5289.0,Schistes,2476198.0,Schistes albogularis,8752472.0,,4.624320224926936e-06,Rare,0.003601440576230492,0.360%
7060010,Urosticte benjamini benjamini,2476279,"Urosticte benjamini (Bourcier, 1851)",15,SUBSPECIES,SYNONYM,Apodiformes,1448.0,Trochilidae,5289.0,Urosticte,2476278.0,Urosticte benjamini,2476279.0,,2.312160112463468e-05,Rare,0.004178272980501393,0.418%
6178930,"Ocreatus underwoodii melanantherus (Jardine, 1851)",6178930,"Ocreatus underwoodii melanantherus (Jardine, 1851)",19,SUBSPECIES,ACCEPTED,Apodiformes,1448.0,Trochilidae,5289.0,Ocreatus,2476350.0,Ocreatus underwoodii,2476351.0,,2.928736142453726e-05,Rare,0.00421379463295631,0.421%
7060092,Aglaiocercus coelestis coelestis,7060092,Aglaiocercus coelestis coelestis,8,SUBSPECIES,ACCEPTED,Apodiformes,1448.0,Trochilidae,5289.0,Aglaiocercus,2476384.0,Aglaiocercus coelestis,2476385.0,,1.2331520599805162e-05,Rare,0.002561639449247518,0.256%
6179015,"Amazilia tzacatl jucunda (Heine, 1863)",6179015,"Amazilia tzacatl jucunda (Heine, 1863)",4,SUBSPECIES,ACCEPTED,Apodiformes,1448.0,Trochilidae,5289.0,Amazilia,2476407.0,Amazilia tzacatl,2476441.0,,6.165760299902581e-06,Rare,0.0003216209696872236,0.032%
7949914,"Thalurania colombica verticeps (Gould, 1851)",7949914,"Thalurania colombica verticeps (Gould, 1851)",34,SUBSPECIES,ACCEPTED,Apodiformes,1448.0,Trochilidae,5289.0,Thalurania,2476526.0,Thalurania colombica,2476528.0,,5.2408962549171936e-05,Uncommon,0.004819960306209243,0.482%
8384677,"Thalurania colombica fannyae (Delattre & Bourcier, 1846)",8384677,"Thalurania colombica fannyae (Delattre & Bourcier, 1846)",24,SUBSPECIES,ACCEPTED,Apodiformes,1448.0,Trochilidae,5289.0,Thalurania,2476526.0,Thalurania colombica,2476528.0,,3.6994561799415486e-05,Uncommon,0.003402324922030054,0.340%
7192799,Phaethornis syrmatophorus syrmatophorus,7192799,Phaethornis syrmatophorus syrmatophorus,9,SUBSPECIES,ACCEPTED,Apodiformes,1448.0,Trochilidae,5289.0,Phaethornis,2476571.0,Phaethornis syrmatophorus,2476589.0,,1.3872960674780808e-05,Rare,0.0009134273825230895,0.091%
6178921,"Boissonneaua flavescens tinochlora Oberholser, 1902",6178921,"Boissonneaua flavescens tinochlora Oberholser, 1902",3,SUBSPECIES,ACCEPTED,Apodiformes,1448.0,Trochilidae,5289.0,Boissonneaua,2476785.0,Boissonneaua flavescens,2476787.0,,4.624320224926936e-06,Rare,0.0018018018018018018,0.180%
6178830,"Heliodoxa rubinoides aequatorialis (Gould, 1860)",6178830,"Heliodoxa rubinoides aequatorialis (Gould, 1860)",6,SUBSPECIES,ACCEPTED,Apodiformes,1448.0,Trochilidae,5289.0,Heliodoxa,2476930.0,Heliodoxa rubinoides,2476931.0,,9.248640449853871e-06,Rare,0.0005185825410544512,0.052%
6178825,"Heliodoxa jacula jamesoni (Bourcier, 1851)",8357694,"Heliodoxa jacula jamersoni (Bourcier, 1851)",8,SUBSPECIES,SYNONYM,Apodiformes,1448.0,Trochilidae,5289.0,Heliodoxa,2476930.0,Heliodoxa jacula,2476948.0,,1.2331520599805162e-05,Rare,0.0006914433880726015,0.069%
8357694,"Heliodoxa jacula jamersoni (Bourcier, 1851)",8357694,"Heliodoxa jacula jamersoni (Bourcier, 1851)",3,SUBSPECIES,ACCEPTED,Apodiformes,1448.0,Trochilidae,5289.0,Heliodoxa,2476930.0,Heliodoxa jacula,2476948.0,,4.624320224926936e-06,Rare,0.0002592912705272256,0.026%
7192811,Doryfera ludovicae ludovicae,7192811,Doryfera ludovicae ludovicae,2,SUBSPECIES,ACCEPTED,Apodiformes,1448.0,Trochilidae,5289.0,Doryfera,2476967.0,Doryfera ludovicae,2476971.0,,3.0828801499512905e-06,Rare,0.0019305019305019305,0.193%
10969016,"Uranomitra franciae viridiceps (Gould, 1860)",10969016,"Uranomitra franciae viridiceps (Gould, 1860)",17,SUBSPECIES,ACCEPTED,Apodiformes,1448.0,Trochilidae,5289.0,Uranomitra,4849137.0,Uranomitra franciae,10912964.0,,2.6204481274585968e-05,Rare,0.002155992390615092,0.216%
6178975,"Amazilia franciae viridiceps (Gould, 1860)",10969016,"Uranomitra franciae viridiceps (Gould, 1860)",14,SUBSPECIES,SYNONYM,Apodiformes,1448.0,Trochilidae,5289.0,Uranomitra,4849137.0,Uranomitra franciae,10912964.0,,2.1580161049659035e-05,Rare,0.0017755231452124287,0.178%
7192874,Colibri coruscans coruscans,7192874,Colibri coruscans coruscans,6,SUBSPECIES,ACCEPTED,Apodiformes,1448.0,Trochilidae,5289.0,Colibri,5228473.0,Colibri coruscans,5228474.0,,9.248640449853871e-06,Rare,0.000782983165861934,0.078%
9148492,Colibri cyanotus cyanotus,9148492,Colibri cyanotus cyanotus,5,SUBSPECIES,ACCEPTED,Apodiformes,1448.0,Trochilidae,5289.0,Colibri,5228473.0,Colibri cyanotus,9053125.0,,7.707200374878227e-06,Rare,0.0006524859715516117,0.065%
6177784,"Trogon personatus assimilis Gould, 1846",6177784,"Trogon personatus assimilis Gould, 1846",9,SUBSPECIES,ACCEPTED,Trogoniformes,1449.0,Trogonidae,9356.0,Trogon,2496633.0,Trogon personatus,2496673.0,,1.3872960674780808e-05,Rare,0.004409603135717786,0.441%
7192479,Pharomachrus auriceps auriceps,7192479,Pharomachrus auriceps auriceps,2,SUBSPECIES,ACCEPTED,Trogoniformes,1449.0,Trogonidae,9356.0,Pharomachrus,2496714.0,Pharomachrus auriceps,2496720.0,,3.0828801499512905e-06,Rare,0.0005137426149499101,0.051%
10741190,"Megascops ingens colombianus (Traylor, 1952)",10741190,"Megascops ingens colombianus (Traylor, 1952)",3,SUBSPECIES,ACCEPTED,Strigiformes,1450.0,Strigidae,9348.0,Megascops,2497318.0,Megascops ingens,2497328.0,,4.624320224926936e-06,Rare,0.016483516483516484,1.65%
6175944,Strix virgata virgata,6175944,Strix virgata virgata,7,SUBSPECIES,ACCEPTED,Strigiformes,1450.0,Strigidae,9348.0,Strix,2497486.0,Strix virgata,2497440.0,,1.0790080524829517e-05,Rare,0.010248901903367497,1.02%
6085663,"Coccycua minuta gracilis Heine, 1863",6170398,"Piaya minuta gracilis (Heine, 1863)",6,SUBSPECIES,SYNONYM,Cuculiformes,1492.0,Cuculidae,9309.0,Piaya,2496427.0,Piaya minuta,2496428.0,,9.248640449853871e-06,Rare,0.0009778357235984355,0.098%
6170402,"Piaya cayana nigricrissa (Cabanis, 1862)",6170402,"Piaya cayana nigricrissa (Cabanis, 1862)",3,SUBSPECIES,ACCEPTED,Cuculiformes,1492.0,Cuculidae,9309.0,Piaya,2496427.0,Piaya cayana,2496432.0,,4.624320224926936e-06,Rare,0.0004889178617992178,0.049%
7191376,Laterallus albigularis albigularis,7191376,Laterallus albigularis albigularis,2,SUBSPECIES,ACCEPTED,Gruiformes,1493.0,Rallidae,9342.0,Laterallus,2474584.0,Laterallus albigularis,2474599.0,,3.0828801499512905e-06,Rare,0.0012338062924120913,0.123%
6066396,"Nyctanassa violacea caliginis Wetmore, 1946",6066396,"Nyctanassa violacea caliginis Wetmore, 1946",1,SUBSPECIES,ACCEPTED,Pelecaniformes,7190953.0,Ardeidae,3685.0,Nyctanassa,2480952.0,Nyctanassa violacea,2480953.0,,1.5414400749756452e-06,Very Rare,0.2,20.0%
5844425,"Elanoides forficatus yetapa (Vieillot, 1818)",5844425,"Elanoides forficatus yetapa (Vieillot, 1818)",6,SUBSPECIES,ACCEPTED,Accipitriformes,7191147.0,Accipitridae,2877.0,Elanoides,2480460.0,Elanoides forficatus,2480461.0,,9.248640449853871e-06,Rare,0.0016194331983805667,0.162%
7191151,Buteo brachyurus brachyurus,7191151,Buteo brachyurus brachyurus,1,SUBSPECIES,ACCEPTED,Accipitriformes,7191147.0,Accipitridae,2877.0,Buteo,2480517.0,Buteo brachyurus,2480553.0,,1.5414400749756452e-06,Very Rare,0.0011668611435239206,0.117%
6066281,"Harpagus bidentatus fasciatus Lawrence, 1869",6066281,"Harpagus bidentatus fasciatus Lawrence, 1869",3,SUBSPECIES,ACCEPTED,Accipitriformes,7191147.0,Accipitridae,2877.0,Harpagus,2480680.0,Harpagus bidentatus,5229191.0,,4.624320224926936e-06,Rare,0.024793388429752067,2.48%
7094918,Leptodon cayanensis cayanensis,7094918,Leptodon cayanensis cayanensis,1,SUBSPECIES,ACCEPTED,Accipitriformes,7191147.0,Accipitridae,2877.0,Leptodon,2480711.0,Leptodon cayanensis,5229197.0,,1.5414400749756452e-06,Very Rare,0.002066115702479339,0.207%
7191163,Rupornis magnirostris magnirostris,7191163,Rupornis magnirostris magnirostris,2,SUBSPECIES,ACCEPTED,Accipitriformes,7191147.0,Accipitridae,2877.0,Rupornis,4850093.0,Rupornis magnirostris,5844398.0,,3.0828801499512905e-06,Rare,0.0005317734645041213,0.053%
7191201,Accipiter bicolor bicolor,7191201,Accipiter bicolor bicolor,2,SUBSPECIES,ACCEPTED,Accipitriformes,7191147.0,Accipitridae,2877.0,Accipiter,9405810.0,Accipiter bicolor,2480599.0,,3.0828801499512905e-06,Rare,0.0036363636363636364,0.364%
6542604,Accipiter striatus ventralis,6542604,Accipiter striatus ventralis,2,SUBSPECIES,ACCEPTED,Accipitriformes,7191147.0,Accipitridae,2877.0,Accipiter,9405810.0,Accipiter striatus,9740253.0,,3.0828801499512905e-06,Rare,0.0036363636363636364,0.364%
5844324,"Falco femoralis pichinchae Chapman, 1925",5844324,"Falco femoralis pichinchae Chapman, 1925",1,SUBSPECIES,ACCEPTED,Falconiformes,7191407.0,Falconidae,5240.0,Falco,2480996.0,Falco femoralis,2481006.0,,1.5414400749756452e-06,Very Rare,0.0013440860215053765,0.134%
6065700,"Falco rufigularis petoensis C.Chubb, 1918",6065700,"Falco rufigularis petoensis C.Chubb, 1918",1,SUBSPECIES,ACCEPTED,Falconiformes,7191407.0,Falconidae,5240.0,Falco,2480996.0,Falco rufigularis,2481033.0,,1.5414400749756452e-06,Very Rare,0.0013440860215053765,0.134%
6065716,"Micrastur ruficollis interstes Bangs, 1907",6065716,"Micrastur ruficollis interstes Bangs, 1907",2,SUBSPECIES,ACCEPTED,Falconiformes,7191407.0,Falconidae,5240.0,Micrastur,2481081.0,Micrastur ruficollis,2481082.0,,3.0828801499512905e-06,Rare,0.003656307129798903,0.366%
6176765,"Eurypyga helias major Hartlaub, 1844",6176765,"Eurypyga helias major Hartlaub, 1844",5,SUBSPECIES,ACCEPTED,Eurypygiformes,8481794.0,Eurypygidae,5710.0,Eurypyga,2474331.0,Eurypyga helias,2474332.0,,7.707200374878227e-06,Rare,0.0032679738562091504,0.327%
7191331,Nyctidromus albicollis albicollis,7191331,Nyctidromus albicollis albicollis,4,SUBSPECIES,ACCEPTED,Caprimulgiformes,8510645.0,Caprimulgidae,5225.0,Nyctidromus,2496989.0,Nyctidromus albicollis,2496990.0,,6.165760299902581e-06,Rare,0.008714596949891068,0.871%
7191325,Uropsalis lyra lyra,7191325,Uropsalis lyra lyra,2,SUBSPECIES,ACCEPTED,Caprimulgiformes,8510645.0,Caprimulgidae,5225.0,Uropsalis,2497073.0,Uropsalis lyra,2497074.0,,3.0828801499512905e-06,Rare,0.00477326968973747,0.477%
6176317,"Nyctibius griseus panamensis Ridgway, 1912",6176317,"Nyctibius griseus panamensis Ridgway, 1912",2,SUBSPECIES,ACCEPTED,Nyctibiiformes,10833565.0,Nyctibiidae,9324.0,Nyctibius,2496795.0,Nyctibius griseus,2496811.0,,3.0828801499512905e-06,Rare,0.0007590132827324478,0.076%
