species,Longitude,Latitude,elevation,year,month,day,LocLevel0,LocLevel1,LocLevel2,LocLevel3
Anous stolidus,-89.97457,0.300612,,2021,6,21,,,,
Pterodroma phaeopygia,-89.97457,0.300612,,2021,6,21,,,,
Sula granti,-89.97457,0.300612,,2021,6,21,,,,
Phaethon aethereus,-89.97457,0.300612,,2021,6,21,,,,
Oceanodroma tethys,-89.97457,0.300612,,2021,6,21,,,,
Sula sula,-90.09419,0.289992,,2021,6,21,,,,
Oceanodroma tethys,-90.09419,0.289992,,2021,6,21,,,,
Pterodroma phaeopygia,-90.09419,0.289992,,2021,6,21,,,,
Oceanodroma castro,-90.09419,0.289992,,2021,6,21,,,,
Fregata minor,-90.09419,0.289992,,2021,6,21,,,,
Creagrus furcatus,-90.09419,0.289992,,2021,6,21,,,,
Puffinus subalaris,-90.09419,0.289992,,2021,6,21,,,,
Phaethon aethereus,-90.09419,0.289992,,2021,6,21,,,,
Oceanodroma tethys,-91.451256,-0.199653,,2021,6,22,,,,
Sula nebouxii,-91.451256,-0.199653,,2021,6,22,,,,
Anous stolidus,-91.451256,-0.199653,,2021,6,22,,,,
Oceanites gracilis,-91.451256,-0.199653,,2021,6,22,,,,
Puffinus subalaris,-91.451256,-0.199653,,2021,6,22,,,,
Pelecanus occidentalis,-91.451256,-0.199653,,2021,6,22,,,,
Pterodroma phaeopygia,-91.451256,-0.199653,,2021,6,22,,,,
Oceanites gracilis,-91.36957,-0.386357,,2021,6,22,,,,
Pterodroma phaeopygia,-91.36957,-0.386357,,2021,6,22,,,,
Fregata magnificens,-91.36957,-0.386357,,2021,6,22,,,,
Sula nebouxii,-91.36957,-0.386357,,2021,6,22,,,,
Puffinus subalaris,-91.36957,-0.386357,,2021,6,22,,,,
Puffinus subalaris,-91.34545,-0.612628,,2021,6,22,,,,
Sula nebouxii,-91.34545,-0.612628,,2021,6,22,,,,
Pterodroma phaeopygia,-91.34545,-0.612628,,2021,6,22,,,,
Oceanodroma tethys,-91.34545,-0.612628,,2021,6,22,,,,
Oceanites gracilis,-91.34545,-0.612628,,2021,6,22,,,,
Pelecanus occidentalis,-91.31836,-0.692808,,2021,6,22,Ecuador,Galápagos,Isabela,Tomas De Berlanga (Santo Tomas)
Pelecanus occidentalis,-91.37226,-0.262298,,2021,6,22,,,,
Spheniscus mendiculus,-91.37226,-0.262298,,2021,6,22,,,,
Anous stolidus,-91.37226,-0.262298,,2021,6,22,,,,
Oceanites gracilis,-91.37226,-0.262298,,2021,6,22,,,,
Buteo galapagoensis,-91.37226,-0.262298,,2021,6,22,,,,
Sula nebouxii,-91.37226,-0.262298,,2021,6,22,,,,
Phalacrocorax harrisi,-91.37226,-0.262298,,2021,6,22,,,,
Phalacrocorax harrisi,-91.37226,-0.262298,,2021,6,22,,,,
Fregata magnificens,-91.37226,-0.262298,,2021,6,22,,,,
Progne modesta,-91.37226,-0.262298,,2021,6,22,,,,
Ardea herodias,-91.37226,-0.262298,,2021,6,22,,,,
Sula nebouxii,-91.37226,-0.262298,,2021,6,22,,,,
Anous stolidus,-91.37226,-0.262298,,2021,6,22,,,,
Pelecanus occidentalis,-91.37226,-0.262298,,2021,6,22,,,,
Oceanites gracilis,-91.37226,-0.262298,,2021,6,22,,,,
Geospiza fuliginosa,-91.37226,-0.262298,,2021,6,22,,,,
Geospiza fortis,-91.37226,-0.262298,,2021,6,22,,,,
Setophaga petechia,-91.37226,-0.262298,,2021,6,22,,,,
Buteo galapagoensis,-91.37226,-0.262298,,2021,6,22,,,,
Spheniscus mendiculus,-91.37226,-0.262298,,2021,6,22,,,,
Phalaropus lobatus,-91.382416,-0.306482,,2021,6,22,,,,
Anous stolidus,-91.382416,-0.306482,,2021,6,22,,,,
Puffinus subalaris,-91.382416,-0.306482,,2021,6,22,,,,
Sula granti,-91.382416,-0.306482,,2021,6,22,,,,
Oceanites gracilis,-91.382416,-0.306482,,2021,6,22,,,,
Sula nebouxii,-91.382416,-0.306482,,2021,6,22,,,,
Setophaga petechia,-91.07715,-0.841241,,2021,6,23,Ecuador,Galápagos,Isabela,Tomas De Berlanga (Santo Tomas)
Camarhynchus parvulus,-91.07715,-0.841241,,2021,6,23,Ecuador,Galápagos,Isabela,Tomas De Berlanga (Santo Tomas)
Pyrocephalus rubinus,-91.07715,-0.841241,,2021,6,23,Ecuador,Galápagos,Isabela,Tomas De Berlanga (Santo Tomas)
Certhidea olivacea,-91.07715,-0.841241,,2021,6,23,Ecuador,Galápagos,Isabela,Tomas De Berlanga (Santo Tomas)
Bubulcus ibis,-91.090576,-0.836996,,2021,6,23,Ecuador,Galápagos,Isabela,Tomas De Berlanga (Santo Tomas)
Geospiza fuliginosa,-91.090576,-0.836996,,2021,6,23,Ecuador,Galápagos,Isabela,Tomas De Berlanga (Santo Tomas)
Setophaga petechia,-91.090576,-0.836996,,2021,6,23,Ecuador,Galápagos,Isabela,Tomas De Berlanga (Santo Tomas)
Laterallus spilonotus,-91.090576,-0.836996,,2021,6,23,Ecuador,Galápagos,Isabela,Tomas De Berlanga (Santo Tomas)
Certhidea olivacea,-91.090576,-0.836996,,2021,6,23,Ecuador,Galápagos,Isabela,Tomas De Berlanga (Santo Tomas)
Gallinula chloropus,-90.97488,-0.945527,,2021,6,23,Ecuador,Galápagos,Isabela,Puerto Villamil
Crotophaga ani,-90.97488,-0.945527,,2021,6,23,Ecuador,Galápagos,Isabela,Puerto Villamil
Phoenicopterus ruber,-90.97488,-0.945527,,2021,6,23,Ecuador,Galápagos,Isabela,Puerto Villamil
Setophaga petechia,-90.97488,-0.945527,,2021,6,23,Ecuador,Galápagos,Isabela,Puerto Villamil
Fregata magnificens,-90.97488,-0.945527,,2021,6,23,Ecuador,Galápagos,Isabela,Puerto Villamil
Anas bahamensis,-90.97488,-0.945527,,2021,6,23,Ecuador,Galápagos,Isabela,Puerto Villamil
Phoenicopterus ruber,-90.971275,-0.955375,,2021,6,23,Ecuador,Galápagos,Isabela,Puerto Villamil
Geospiza fuliginosa,-90.971275,-0.955375,,2021,6,23,Ecuador,Galápagos,Isabela,Puerto Villamil
Himantopus mexicanus,-90.971275,-0.955375,,2021,6,23,Ecuador,Galápagos,Isabela,Puerto Villamil
Anas bahamensis,-90.971275,-0.955375,,2021,6,23,Ecuador,Galápagos,Isabela,Puerto Villamil
Gallinula chloropus,-90.971275,-0.955375,,2021,6,23,Ecuador,Galápagos,Isabela,Puerto Villamil
Setophaga petechia,-90.971275,-0.955375,,2021,6,23,Ecuador,Galápagos,Isabela,Puerto Villamil
Sula granti,-90.962,-1.012819,,2021,6,23,,,,
Pterodroma phaeopygia,-90.962,-1.012819,,2021,6,23,,,,
Sula leucogaster,-90.962,-1.012819,,2021,6,23,,,,
Sula nebouxii,-90.962,-1.012819,,2021,6,23,,,,
Puffinus subalaris,-90.962,-1.012819,,2021,6,23,,,,
Creagrus furcatus,-90.962,-1.012819,,2021,6,23,,,,
Oceanites gracilis,-90.962,-1.012819,,2021,6,23,,,,
Phaethon aethereus,-90.962,-1.012819,,2021,6,23,,,,
Anous stolidus,-90.962,-1.012819,,2021,6,23,,,,
Crotophaga ani,-90.4888,-1.276534,,2021,6,24,,,,
Butorides striata,-90.4888,-1.276534,,2021,6,24,,,,
Fregata magnificens,-90.4888,-1.276534,,2021,6,24,,,,
Geospiza scandens,-90.4888,-1.276534,,2021,6,24,,,,
Sula nebouxii,-90.4888,-1.276534,,2021,6,24,,,,
Himantopus mexicanus,-90.4888,-1.276534,,2021,6,24,,,,
Geospiza fuliginosa,-90.4888,-1.276534,,2021,6,24,,,,
Oceanites gracilis,-90.4888,-1.276534,,2021,6,24,,,,
Setophaga petechia,-90.4888,-1.276534,,2021,6,24,,,,
Oceanodroma tethys,-90.4888,-1.276534,,2021,6,24,,,,
Nyctanassa violacea,-90.4888,-1.276534,,2021,6,24,,,,
Myiarchus magnirostris,-90.45454,-1.313067,,2021,6,24,Ecuador,Galápagos,San Cristóbal,Isla Santa Mara (Floreana) (Cab.
Setophaga petechia,-90.45454,-1.313067,,2021,6,24,Ecuador,Galápagos,San Cristóbal,Isla Santa Mara (Floreana) (Cab.
Crotophaga ani,-90.45454,-1.313067,,2021,6,24,Ecuador,Galápagos,San Cristóbal,Isla Santa Mara (Floreana) (Cab.
Bubulcus ibis,-90.45454,-1.313067,,2021,6,24,Ecuador,Galápagos,San Cristóbal,Isla Santa Mara (Floreana) (Cab.
Geospiza fuliginosa,-90.45454,-1.313067,,2021,6,24,Ecuador,Galápagos,San Cristóbal,Isla Santa Mara (Floreana) (Cab.
Camarhynchus parvulus,-90.45454,-1.313067,,2021,6,24,Ecuador,Galápagos,San Cristóbal,Isla Santa Mara (Floreana) (Cab.
Neocrex erythrops,-90.45454,-1.313067,,2021,6,24,Ecuador,Galápagos,San Cristóbal,Isla Santa Mara (Floreana) (Cab.
Camarhynchus pauper,-90.45454,-1.313067,,2021,6,24,Ecuador,Galápagos,San Cristóbal,Isla Santa Mara (Floreana) (Cab.
Anas bahamensis,-90.45454,-1.313067,,2021,6,24,Ecuador,Galápagos,San Cristóbal,Isla Santa Mara (Floreana) (Cab.
Geospiza fortis,-90.42834,-1.226127,,2021,6,24,Ecuador,Galápagos,San Cristóbal,Isla Santa Mara (Floreana) (Cab.
Geospiza fuliginosa,-90.42834,-1.226127,,2021,6,24,Ecuador,Galápagos,San Cristóbal,Isla Santa Mara (Floreana) (Cab.
Charadrius semipalmatus,-90.42834,-1.226127,,2021,6,24,Ecuador,Galápagos,San Cristóbal,Isla Santa Mara (Floreana) (Cab.
Sula nebouxii,-90.42834,-1.226127,,2021,6,24,Ecuador,Galápagos,San Cristóbal,Isla Santa Mara (Floreana) (Cab.
Fregata magnificens,-91.31836,-0.692808,,2021,6,22,Ecuador,Galápagos,Isabela,Tomas De Berlanga (Santo Tomas)
Ardea alba,-91.31836,-0.692808,,2021,6,22,Ecuador,Galápagos,Isabela,Tomas De Berlanga (Santo Tomas)
Setophaga petechia,-91.31836,-0.692808,,2021,6,22,Ecuador,Galápagos,Isabela,Tomas De Berlanga (Santo Tomas)
Puffinus subalaris,-91.31836,-0.692808,,2021,6,22,Ecuador,Galápagos,Isabela,Tomas De Berlanga (Santo Tomas)
Sula nebouxii,-91.31836,-0.692808,,2021,6,22,Ecuador,Galápagos,Isabela,Tomas De Berlanga (Santo Tomas)
Butorides striata,-91.31836,-0.692808,,2021,6,22,Ecuador,Galápagos,Isabela,Tomas De Berlanga (Santo Tomas)
Spheniscus mendiculus,-91.31836,-0.692808,,2021,6,22,Ecuador,Galápagos,Isabela,Tomas De Berlanga (Santo Tomas)
Phalacrocorax harrisi,-91.31836,-0.692808,,2021,6,22,Ecuador,Galápagos,Isabela,Tomas De Berlanga (Santo Tomas)
Puffinus subalaris,-91.31836,-0.692808,,2021,6,22,Ecuador,Galápagos,Isabela,Tomas De Berlanga (Santo Tomas)
Oceanites gracilis,-91.31836,-0.692808,,2021,6,22,Ecuador,Galápagos,Isabela,Tomas De Berlanga (Santo Tomas)
Fregata magnificens,-91.31836,-0.692808,,2021,6,22,Ecuador,Galápagos,Isabela,Tomas De Berlanga (Santo Tomas)
Pelecanus occidentalis,-91.31836,-0.692808,,2021,6,22,Ecuador,Galápagos,Isabela,Tomas De Berlanga (Santo Tomas)
Sula nebouxii,-91.31836,-0.692808,,2021,6,22,Ecuador,Galápagos,Isabela,Tomas De Berlanga (Santo Tomas)
Tringa incana,-90.96559,-0.956961,,2021,6,23,Ecuador,Galápagos,Isabela,Puerto Villamil
Setophaga petechia,-90.96559,-0.956961,,2021,6,23,Ecuador,Galápagos,Isabela,Puerto Villamil
Spheniscus mendiculus,-90.96559,-0.956961,,2021,6,23,Ecuador,Galápagos,Isabela,Puerto Villamil
Ardea herodias,-90.96559,-0.956961,,2021,6,23,Ecuador,Galápagos,Isabela,Puerto Villamil
Leucophaeus fuliginosus,-90.96559,-0.956961,,2021,6,23,Ecuador,Galápagos,Isabela,Puerto Villamil
Sula nebouxii,-90.96559,-0.956961,,2021,6,23,Ecuador,Galápagos,Isabela,Puerto Villamil
Coccyzus melacoryphus,-90.96559,-0.956961,,2021,6,23,Ecuador,Galápagos,Isabela,Puerto Villamil
Haematopus palliatus,-90.96559,-0.956961,,2021,6,23,Ecuador,Galápagos,Isabela,Puerto Villamil
Camarhynchus parvulus,-91.0573,-0.846702,,2021,6,23,Ecuador,Galápagos,Isabela,Tomas De Berlanga (Santo Tomas)
Certhidea olivacea,-91.0573,-0.846702,,2021,6,23,Ecuador,Galápagos,Isabela,Tomas De Berlanga (Santo Tomas)
Geospiza fuliginosa,-91.0573,-0.846702,,2021,6,23,Ecuador,Galápagos,Isabela,Tomas De Berlanga (Santo Tomas)
Setophaga petechia,-91.0573,-0.846702,,2021,6,23,Ecuador,Galápagos,Isabela,Tomas De Berlanga (Santo Tomas)
Pterodroma phaeopygia,-90.88071,-1.058506,,2021,6,23,,,,
Onychoprion fuscatus,-90.88071,-1.058506,,2021,6,23,,,,
Anous stolidus,-90.88071,-1.058506,,2021,6,23,,,,
Sula granti,-90.88071,-1.058506,,2021,6,23,,,,
Oceanodroma castro,-90.88071,-1.058506,,2021,6,23,,,,
Oceanites gracilis,-90.88071,-1.058506,,2021,6,23,,,,
Sula nebouxii,-90.88071,-1.058506,,2021,6,23,,,,
Puffinus subalaris,-90.88071,-1.058506,,2021,6,23,,,,
Sula granti,-90.82872,-1.060648,,2021,6,23,,,,
Oceanodroma tethys,-90.82872,-1.060648,,2021,6,23,,,,
Pterodroma phaeopygia,-90.82872,-1.060648,,2021,6,23,,,,
Sula nebouxii,-90.82872,-1.060648,,2021,6,23,,,,
Oceanodroma castro,-90.82872,-1.060648,,2021,6,23,,,,
Fregata magnificens,-90.82872,-1.060648,,2021,6,23,,,,
Oceanites gracilis,-90.82872,-1.060648,,2021,6,23,,,,
Pterodroma phaeopygia,-90.74837,-1.111401,,2021,6,23,,,,
Fregata magnificens,-90.74837,-1.111401,,2021,6,23,,,,
Oceanites gracilis,-90.74837,-1.111401,,2021,6,23,,,,
Creagrus furcatus,-89.65322,-1.209725,,2021,6,25,,,,
Puffinus subalaris,-89.65322,-1.209725,,2021,6,25,,,,
Oceanites gracilis,-89.65322,-1.209725,,2021,6,25,,,,
Oceanodroma castro,-89.65322,-1.209725,,2021,6,25,,,,
Phoebastria irrorata,-89.65322,-1.209725,,2021,6,25,,,,
Phaethon aethereus,-89.65322,-1.209725,,2021,6,25,,,,
Pterodroma phaeopygia,-89.65322,-1.209725,,2021,6,25,,,,
Oceanodroma tethys,-89.65322,-1.209725,,2021,6,25,,,,
Pterodroma phaeopygia,-89.64858,-1.060461,,2021,6,25,,,,
Oceanodroma castro,-89.64858,-1.060461,,2021,6,25,,,,
Puffinus subalaris,-89.64858,-1.060461,,2021,6,25,,,,
Oceanites gracilis,-89.64858,-1.060461,,2021,6,25,,,,
Oceanodroma tethys,-89.64858,-1.060461,,2021,6,25,,,,
Phoebastria irrorata,-89.64858,-1.060461,,2021,6,25,,,,
Sula granti,-89.64858,-1.060461,,2021,6,25,,,,
Camarhynchus parvulus,-89.570755,-0.911422,,2021,6,26,Ecuador,Galápagos,San Cristóbal,El Progreso
Crotophaga ani,-89.570755,-0.911422,,2021,6,26,Ecuador,Galápagos,San Cristóbal,El Progreso
Myiarchus magnirostris,-89.570755,-0.911422,,2021,6,26,Ecuador,Galápagos,San Cristóbal,El Progreso
Bubulcus ibis,-89.570755,-0.911422,,2021,6,26,Ecuador,Galápagos,San Cristóbal,El Progreso
Fregata magnificens,-89.570755,-0.911422,,2021,6,26,Ecuador,Galápagos,San Cristóbal,El Progreso
Certhidea fusca,-89.570755,-0.911422,,2021,6,26,Ecuador,Galápagos,San Cristóbal,El Progreso
Setophaga petechia,-89.570755,-0.911422,,2021,6,26,Ecuador,Galápagos,San Cristóbal,El Progreso
Camarhynchus pallidus,-89.570755,-0.911422,,2021,6,26,Ecuador,Galápagos,San Cristóbal,El Progreso
Geospiza fuliginosa,-89.570755,-0.911422,,2021,6,26,Ecuador,Galápagos,San Cristóbal,El Progreso
Geospiza fuliginosa,-89.4907,-0.895485,,2021,6,26,Ecuador,Galápagos,San Cristóbal,El Progreso
Setophaga petechia,-89.4907,-0.895485,,2021,6,26,Ecuador,Galápagos,San Cristóbal,El Progreso
Mimus melanotis,-89.4907,-0.895485,,2021,6,26,Ecuador,Galápagos,San Cristóbal,El Progreso
Puffinus subalaris,-89.66343,-0.879949,,2021,6,26,,,,
Oceanodroma tethys,-89.66343,-0.879949,,2021,6,26,,,,
Geospiza scandens,-90.04064,-0.803795,,2021,6,26,,,,
Sula nebouxii,-90.04064,-0.803795,,2021,6,26,,,,
Zenaida galapagoensis,-90.04064,-0.803795,,2021,6,26,,,,
Geospiza fuliginosa,-90.04064,-0.803795,,2021,6,26,,,,
Buteo galapagoensis,-90.04064,-0.803795,,2021,6,26,,,,
Mimus parvulus,-90.04064,-0.803795,,2021,6,26,,,,
Setophaga petechia,-90.367134,-0.616271,,2021,6,27,Ecuador,Galápagos,Santa Cruz,Santa Rosa
Geospiza fortis,-90.367134,-0.616271,,2021,6,27,Ecuador,Galápagos,Santa Cruz,Santa Rosa
Geospiza magnirostris,-90.367134,-0.616271,,2021,6,27,Ecuador,Galápagos,Santa Cruz,Santa Rosa
Certhidea olivacea,-90.367134,-0.616271,,2021,6,27,Ecuador,Galápagos,Santa Cruz,Santa Rosa
Geospiza fuliginosa,-90.367134,-0.616271,,2021,6,27,Ecuador,Galápagos,Santa Cruz,Santa Rosa
Mimus parvulus,-90.367134,-0.616271,,2021,6,27,Ecuador,Galápagos,Santa Cruz,Santa Rosa
Myiarchus magnirostris,-90.367134,-0.616271,,2021,6,27,Ecuador,Galápagos,Santa Cruz,Santa Rosa
Platyspiza crassirostris,-90.367134,-0.616271,,2021,6,27,Ecuador,Galápagos,Santa Cruz,Santa Rosa
Crotophaga ani,-90.367134,-0.616271,,2021,6,27,Ecuador,Galápagos,Santa Cruz,Santa Rosa
Zenaida galapagoensis,-90.367134,-0.616271,,2021,6,27,Ecuador,Galápagos,Santa Cruz,Santa Rosa
Camarhynchus parvulus,-90.367134,-0.616271,,2021,6,27,Ecuador,Galápagos,Santa Cruz,Santa Rosa
Anas bahamensis,-90.42834,-1.226127,,2021,6,24,Ecuador,Galápagos,San Cristóbal,Isla Santa Mara (Floreana) (Cab.
Fregata magnificens,-90.42834,-1.226127,,2021,6,24,Ecuador,Galápagos,San Cristóbal,Isla Santa Mara (Floreana) (Cab.
Myiarchus magnirostris,-90.42834,-1.226127,,2021,6,24,Ecuador,Galápagos,San Cristóbal,Isla Santa Mara (Floreana) (Cab.
Pelecanus occidentalis,-90.42834,-1.226127,,2021,6,24,Ecuador,Galápagos,San Cristóbal,Isla Santa Mara (Floreana) (Cab.
Setophaga petechia,-90.42834,-1.226127,,2021,6,24,Ecuador,Galápagos,San Cristóbal,Isla Santa Mara (Floreana) (Cab.
Arenaria interpres,-90.42834,-1.226127,,2021,6,24,Ecuador,Galápagos,San Cristóbal,Isla Santa Mara (Floreana) (Cab.
Bubulcus ibis,-90.42834,-1.226127,,2021,6,24,Ecuador,Galápagos,San Cristóbal,Isla Santa Mara (Floreana) (Cab.
Butorides striata,-90.42834,-1.226127,,2021,6,24,Ecuador,Galápagos,San Cristóbal,Isla Santa Mara (Floreana) (Cab.
Geospiza scandens,-90.42834,-1.226127,,2021,6,24,Ecuador,Galápagos,San Cristóbal,Isla Santa Mara (Floreana) (Cab.
Fregata magnificens,-90.42471,-1.21894,,2021,6,24,,,,
Sula nebouxii,-90.42471,-1.21894,,2021,6,24,,,,
Oceanites gracilis,-90.42471,-1.21894,,2021,6,24,,,,
Sula granti,-90.42471,-1.21894,,2021,6,24,,,,
Puffinus subalaris,-90.42471,-1.21894,,2021,6,24,,,,
Anous stolidus,-90.42471,-1.21894,,2021,6,24,,,,
Tringa incana,-90.38574,-1.237925,,2021,6,24,,,,
Creagrus furcatus,-90.38574,-1.237925,,2021,6,24,,,,
Sula granti,-90.38574,-1.237925,,2021,6,24,,,,
Sula nebouxii,-90.38574,-1.237925,,2021,6,24,,,,
Mimus trifasciatus,-90.38574,-1.237925,,2021,6,24,,,,
Camarhynchus pauper,-90.38574,-1.237925,,2021,6,24,,,,
Anous stolidus,-90.38574,-1.237925,,2021,6,24,,,,
Arenaria interpres,-90.38574,-1.237925,,2021,6,24,,,,
Camarhynchus parvulus,-90.38574,-1.237925,,2021,6,24,,,,
Fregata magnificens,-90.38574,-1.237925,,2021,6,24,,,,
Zenaida galapagoensis,-90.38574,-1.237925,,2021,6,24,,,,
Puffinus subalaris,-90.38574,-1.237925,,2021,6,24,,,,
Mimus macdonaldi,-89.74399,-1.371529,,2021,6,25,Ecuador,Galápagos,San Cristóbal,Isla Santa Mara (Floreana) (Cab.
Fregata minor,-89.74399,-1.371529,,2021,6,25,Ecuador,Galápagos,San Cristóbal,Isla Santa Mara (Floreana) (Cab.
Certhidea fusca,-89.74399,-1.371529,,2021,6,25,Ecuador,Galápagos,San Cristóbal,Isla Santa Mara (Floreana) (Cab.
Anous stolidus,-89.74399,-1.371529,,2021,6,25,Ecuador,Galápagos,San Cristóbal,Isla Santa Mara (Floreana) (Cab.
Geospiza fuliginosa,-89.74399,-1.371529,,2021,6,25,Ecuador,Galápagos,San Cristóbal,Isla Santa Mara (Floreana) (Cab.
Sula nebouxii,-89.74399,-1.371529,,2021,6,25,Ecuador,Galápagos,San Cristóbal,Isla Santa Mara (Floreana) (Cab.
Puffinus subalaris,-89.74399,-1.371529,,2021,6,25,Ecuador,Galápagos,San Cristóbal,Isla Santa Mara (Floreana) (Cab.
Zenaida galapagoensis,-89.74399,-1.371529,,2021,6,25,Ecuador,Galápagos,San Cristóbal,Isla Santa Mara (Floreana) (Cab.
Arenaria interpres,-89.74399,-1.371529,,2021,6,25,Ecuador,Galápagos,San Cristóbal,Isla Santa Mara (Floreana) (Cab.
Phoebastria irrorata,-89.74399,-1.371529,,2021,6,25,Ecuador,Galápagos,San Cristóbal,Isla Santa Mara (Floreana) (Cab.
Buteo galapagoensis,-89.74399,-1.371529,,2021,6,25,Ecuador,Galápagos,San Cristóbal,Isla Santa Mara (Floreana) (Cab.
Phaethon aethereus,-89.74399,-1.371529,,2021,6,25,Ecuador,Galápagos,San Cristóbal,Isla Santa Mara (Floreana) (Cab.
Butorides striata,-89.74399,-1.371529,,2021,6,25,Ecuador,Galápagos,San Cristóbal,Isla Santa Mara (Floreana) (Cab.
Fregata magnificens,-89.74399,-1.371529,,2021,6,25,Ecuador,Galápagos,San Cristóbal,Isla Santa Mara (Floreana) (Cab.
Sula granti,-89.74399,-1.371529,,2021,6,25,Ecuador,Galápagos,San Cristóbal,Isla Santa Mara (Floreana) (Cab.
Haematopus palliatus,-89.74399,-1.371529,,2021,6,25,Ecuador,Galápagos,San Cristóbal,Isla Santa Mara (Floreana) (Cab.
Geospiza conirostris,-89.74399,-1.371529,,2021,6,25,Ecuador,Galápagos,San Cristóbal,Isla Santa Mara (Floreana) (Cab.
Creagrus furcatus,-89.74399,-1.371529,,2021,6,25,Ecuador,Galápagos,San Cristóbal,Isla Santa Mara (Floreana) (Cab.
Certhidea olivacea,-90.38525,-0.625613,,2021,6,27,Ecuador,Galápagos,Santa Cruz,Santa Rosa
Geospiza fuliginosa,-90.38525,-0.625613,,2021,6,27,Ecuador,Galápagos,Santa Cruz,Santa Rosa
Camarhynchus pallidus,-90.38525,-0.625613,,2021,6,27,Ecuador,Galápagos,Santa Cruz,Santa Rosa
Geospiza fortis,-90.38525,-0.625613,,2021,6,27,Ecuador,Galápagos,Santa Cruz,Santa Rosa
Camarhynchus parvulus,-90.38525,-0.625613,,2021,6,27,Ecuador,Galápagos,Santa Cruz,Santa Rosa
Setophaga petechia,-90.38525,-0.625613,,2021,6,27,Ecuador,Galápagos,Santa Cruz,Santa Rosa
Myiarchus magnirostris,-90.38525,-0.625613,,2021,6,27,Ecuador,Galápagos,Santa Cruz,Santa Rosa
Geospiza fortis,-90.42415,-0.665312,,2021,6,27,Ecuador,Galápagos,Santa Cruz,Santa Rosa
Geospiza fuliginosa,-90.42415,-0.665312,,2021,6,27,Ecuador,Galápagos,Santa Cruz,Santa Rosa
Setophaga petechia,-90.42415,-0.665312,,2021,6,27,Ecuador,Galápagos,Santa Cruz,Santa Rosa
Tyto alba,-90.42415,-0.665312,,2021,6,27,Ecuador,Galápagos,Santa Cruz,Santa Rosa
Neocrex erythrops,-90.43067,-0.670337,,2021,6,27,Ecuador,Galápagos,Santa Cruz,Santa Rosa
Camarhynchus parvulus,-90.43067,-0.670337,,2021,6,27,Ecuador,Galápagos,Santa Cruz,Santa Rosa
Crotophaga ani,-90.43067,-0.670337,,2021,6,27,Ecuador,Galápagos,Santa Cruz,Santa Rosa
Bubulcus ibis,-90.43067,-0.670337,,2021,6,27,Ecuador,Galápagos,Santa Cruz,Santa Rosa
Anas bahamensis,-90.43067,-0.670337,,2021,6,27,Ecuador,Galápagos,Santa Cruz,Santa Rosa
Gallinula chloropus,-90.43067,-0.670337,,2021,6,27,Ecuador,Galápagos,Santa Cruz,Santa Rosa
Geospiza fuliginosa,-90.43067,-0.670337,,2021,6,27,Ecuador,Galápagos,Santa Cruz,Santa Rosa
Camarhynchus psittacula,-90.43067,-0.670337,,2021,6,27,Ecuador,Galápagos,Santa Cruz,Santa Rosa
Setophaga petechia,-90.43067,-0.670337,,2021,6,27,Ecuador,Galápagos,Santa Cruz,Santa Rosa
Geospiza fortis,-90.43067,-0.670337,,2021,6,27,Ecuador,Galápagos,Santa Cruz,Santa Rosa
Geospiza fortis,-90.30513,-0.741642,,2021,6,27,Ecuador,Galápagos,Santa Cruz,Bellavista
Bubulcus ibis,-90.30513,-0.741642,,2021,6,27,Ecuador,Galápagos,Santa Cruz,Bellavista
Geospiza fuliginosa,-90.30513,-0.741642,,2021,6,27,Ecuador,Galápagos,Santa Cruz,Bellavista
Fregata magnificens,-90.30513,-0.741642,,2021,6,27,Ecuador,Galápagos,Santa Cruz,Bellavista
Mimus parvulus,-90.30513,-0.741642,,2021,6,27,Ecuador,Galápagos,Santa Cruz,Bellavista
Geospiza magnirostris,-90.30513,-0.741642,,2021,6,27,Ecuador,Galápagos,Santa Cruz,Bellavista
Camarhynchus parvulus,-90.30513,-0.741642,,2021,6,27,Ecuador,Galápagos,Santa Cruz,Bellavista
Myiarchus magnirostris,-90.30513,-0.741642,,2021,6,27,Ecuador,Galápagos,Santa Cruz,Bellavista
Setophaga petechia,-90.30513,-0.741642,,2021,6,27,Ecuador,Galápagos,Santa Cruz,Bellavista
Tringa incana,-90.38574,-1.237925,,2021,6,24,,,,
Creagrus furcatus,-90.38574,-1.237925,,2021,6,24,,,,
Sula granti,-90.38574,-1.237925,,2021,6,24,,,,
Sula nebouxii,-90.38574,-1.237925,,2021,6,24,,,,
Mimus trifasciatus,-90.38574,-1.237925,,2021,6,24,,,,
Camarhynchus pauper,-90.38574,-1.237925,,2021,6,24,,,,
Anous stolidus,-90.38574,-1.237925,,2021,6,24,,,,
Arenaria interpres,-90.38574,-1.237925,,2021,6,24,,,,
Camarhynchus parvulus,-90.38574,-1.237925,,2021,6,24,,,,
Fregata magnificens,-90.38574,-1.237925,,2021,6,24,,,,
Zenaida galapagoensis,-90.38574,-1.237925,,2021,6,24,,,,
Puffinus subalaris,-90.38574,-1.237925,,2021,6,24,,,,
Fregata magnificens,-90.42471,-1.21894,,2021,6,24,,,,
Sula nebouxii,-90.42471,-1.21894,,2021,6,24,,,,
Oceanites gracilis,-90.42471,-1.21894,,2021,6,24,,,,
Sula granti,-90.42471,-1.21894,,2021,6,24,,,,
Puffinus subalaris,-90.42471,-1.21894,,2021,6,24,,,,
Anous stolidus,-90.42471,-1.21894,,2021,6,24,,,,
Geospiza fortis,-90.42834,-1.226127,,2021,6,24,Ecuador,Galápagos,San Cristóbal,Isla Santa Mara (Floreana) (Cab.
Geospiza fuliginosa,-90.42834,-1.226127,,2021,6,24,Ecuador,Galápagos,San Cristóbal,Isla Santa Mara (Floreana) (Cab.
Charadrius semipalmatus,-90.42834,-1.226127,,2021,6,24,Ecuador,Galápagos,San Cristóbal,Isla Santa Mara (Floreana) (Cab.
Sula nebouxii,-90.42834,-1.226127,,2021,6,24,Ecuador,Galápagos,San Cristóbal,Isla Santa Mara (Floreana) (Cab.
Anas bahamensis,-90.42834,-1.226127,,2021,6,24,Ecuador,Galápagos,San Cristóbal,Isla Santa Mara (Floreana) (Cab.
Fregata magnificens,-90.42834,-1.226127,,2021,6,24,Ecuador,Galápagos,San Cristóbal,Isla Santa Mara (Floreana) (Cab.
Myiarchus magnirostris,-90.42834,-1.226127,,2021,6,24,Ecuador,Galápagos,San Cristóbal,Isla Santa Mara (Floreana) (Cab.
